unique_id,first_name,last_name,date_of_birth,sex,Biological Parent1 First Name,Biological Parent1 Last Name,Biological Parent2 First Name,Biological Parent2 Last Name
100001,Mable,Draysay,09/09/2018,Female,Pooh,Berston,Elena,Glasson
100002,Cyril,Bifield,11/11/2009,Bigender,Westley,Cormode,Philipa,Seabright
100003,Bekki,Heyburn,16/08/2008,Non-binary,Fabio,Cone,Mavra,Tynnan
100004,Rorie,Render,13/02/2010,Bigender,Kendal,Witter,Nelle,Whitfeld
100005,Babara,Hinners,18/02/2013,Agender,Gregg,Riggert,Bryana,Arckoll
100006,Tedman,Sweetmore,17/05/2019,Agender,Ignacio,Belshaw,Alexandra,Cargenven
100007,Bard,Saing,18/08/2008,Genderfluid,Jory,Chatainier,Karna,Smedmoor
100008,Phillip,Vannini,18/02/2007,Agender,Quillan,Marfield,Lucretia,Shearstone
100009,Agata,Readman,04/05/2005,Polygender,Warner,O'Fihily,Fernande,Bonar
100010,Even,Batistelli,16/02/2016,Genderfluid,Eal,Baumer,Harri,Hundy
100011,Pammi,Steed,01/03/2008,Non-binary,Stuart,McGarrahan,Donnajean,McBrearty
100012,Yoshi,Mussotti,28/09/2010,Male,Elvin,Rau,Reggi,Lahiff
100013,Gael,Rosnau,05/12/2006,Non-binary,Ross,Willcox,Farra,Nother
100014,Mack,Soaper,04/05/2016,Genderqueer,Merv,Brissenden,Marlena,McEvay
100015,Galvan,Gaskarth,03/06/2019,Polygender,Leonid,Hotchkin,Josepha,Quested
100016,Humfrey,Hennington,05/04/2015,Bigender,Franny,Brandenburg,Katharine,Baverstock
100017,Hillyer,Bullion,21/08/2013,Male,Krishnah,Bartley,Ardelis,Showler
100018,Lanette,Vicar,13/08/2008,Bigender,Ignatius,Beeswing,Donnie,Clemenza
100019,Ainsley,Baudins,12/09/2015,Male,Kurt,Muselli,Deina,Lescop
100020,Hastings,Whitfeld,31/10/2012,Genderqueer,Caryl,Killimister,Con,Slocomb
100021,Claresta,Paunsford,25/02/2005,Polygender,Whitman,Tuddenham,Georgie,Martensen
100022,Brynn,Cattini,27/10/2007,Polygender,Gustav,Bailey,Magdalen,Cruickshank
100023,Rickie,Radloff,01/06/2015,Polygender,Jerrie,Deamer,Elora,Crawshay
100024,Kipp,Curnok,04/02/2017,Female,Clementius,Tresler,Jobina,Minigo
100025,Marlow,Artis,10/04/2020,Bigender,Ernie,Ebertz,Fionna,Poll
100026,Alexander,Berresford,26/08/2006,Genderqueer,Kelsey,Giorgeschi,Agnella,Boome
100027,Howie,MacGorrie,13/10/2012,Male,Charley,McLugaish,Teddie,Goodburn
100028,Raul,Jeyness,06/02/2017,Non-binary,Maddy,Briton,Tildy,Gibbe
100029,Minda,Vedyasov,11/08/2009,Agender,Arel,Sieur,Annetta,Meighan
100030,Carol-jean,Mazzeo,04/01/2018,Polygender,Ewell,Iacomo,Eleni,Saffin
100031,Veda,Caunt,21/03/2020,Polygender,See,Divis,Tania,Llewhellin
100032,Clemmy,Ridges,25/01/2009,Female,Stacy,Seale,Donnie,Stallon
100033,Demeter,Fortman,11/07/2018,Agender,Shaughn,Kahler,Valentine,Stallen
100034,Conroy,MacNelly,02/03/2006,Non-binary,Earlie,Matijasevic,Dotty,Manneville
100035,Sara-ann,Collyear,24/01/2013,Male,Cosme,Lewty,Molli,De la Feld
100036,Luella,Checcuzzi,18/12/2006,Non-binary,Hirsch,Baszniak,Freda,Thomann
100037,Randie,Mityukov,25/08/2007,Non-binary,Harry,Duckworth,Samaria,Ibbs
100038,Kally,Chidley,30/05/2006,Polygender,Tally,Mundow,Betty,Pionter
100039,Lisette,Swanbourne,02/06/2006,Bigender,Trstram,Hodcroft,Elwira,Cranch
100040,Edie,Milligan,23/01/2013,Male,Loren,Filshin,Desiree,Spinnace
100041,Ulla,Murby,30/03/2015,Female,Vergil,Jandac,Antonina,Collough
100042,Dasi,Cathenod,09/03/2011,Polygender,Ezri,Boulde,Andrei,Cownden
100043,Theodor,Iorizzi,04/06/2020,Polygender,Blane,Kedslie,Cynde,Dudeney
100044,Julina,McCullouch,17/08/2009,Agender,Garrick,Tregenna,Bobinette,Halliberton
100045,Matilda,Gooble,12/01/2017,Genderfluid,Francois,Bloom,Sydney,Bazek
100046,Alisha,Allbrook,06/09/2009,Female,Will,Linsley,Maye,Seabert
100047,Sari,Pavkovic,25/10/2019,Non-binary,Daryl,McAlroy,Zuzana,Feldklein
100048,Neal,Mecco,18/05/2007,Female,Hazlett,McGruar,Janey,Matveyev
100049,Jarrid,Quilligan,31/07/2020,Genderqueer,Hanan,Bouchard,Delora,Lowrie
100050,Charlot,Sukbhans,07/01/2021,Bigender,Tan,McDonough,Lynnea,Gatsby
100051,Barth,Wherton,26/06/2010,Genderfluid,Emmy,Kembley,Noelyn,Phelipeau
100052,Garrick,Polkinghorne,31/10/2020,Polygender,Lemuel,Chesnut,Maia,Sturge
100053,Dian,Harlick,17/09/2016,Non-binary,Drew,MacQuaker,Katti,Benjafield
100054,Sydney,Yoskowitz,02/04/2016,Genderqueer,Lionel,McQuaid,Noelyn,Grabert
100055,Sid,Pennington,29/12/2007,Polygender,Vanya,Strangeway,Tess,Vardon
100056,Ariel,Farrow,04/06/2005,Genderfluid,Aron,Kirkby,Merrie,Husselbee
100057,Friedrich,Stefi,06/01/2017,Polygender,Bucky,Hartzenberg,Rubetta,Volonte
100058,Thomasine,Andryszczak,10/07/2020,Genderqueer,Carly,Solway,Adrienne,Licquorish
100059,Isis,Roots,14/12/2015,Genderqueer,Agustin,Bosma,Aile,Josilowski
100060,Annabelle,Lovejoy,11/12/2015,Bigender,Gerek,Lindley,Rosanne,Goodacre
100061,Shepperd,Gregersen,01/03/2020,Bigender,Tyler,Astbery,Tandie,Spiring
100062,Chev,Thoumas,22/08/2014,Bigender,Marietta,Messruther,Ynez,Moorwood
100063,Gris,Delacoste,02/11/2016,Male,Randolph,Seefus,Rakel,Schroter
100064,Anton,Murtagh,15/12/2019,Genderqueer,Gaylord,Gianneschi,Charlotte,Gallichiccio
100065,Donny,Buscher,23/06/2005,Bigender,Teddie,Roser,Lillian,Killough
100066,Brandon,Devereu,18/01/2020,Non-binary,Bary,Pyke,Naoma,Connock
100067,Kerri,Maypes,31/07/2016,Genderfluid,Elnar,Shearsby,Bella,Bister
100068,Fredrick,Shipway,12/03/2015,Female,Robert,Chandler,Maureen,Whorlton
100069,Yolane,Smiley,15/03/2007,Male,Giraud,Hargerie,Revkah,Mcasparan
100070,Katinka,Dine-Hart,29/11/2007,Bigender,Hilarius,Jacklin,Riane,Wogdon
100071,Francois,Reddish,18/07/2009,Non-binary,Wang,Warde,Carlina,Brothwell
100072,Wilek,Ferentz,28/04/2011,Agender,North,Dunkerley,Paulette,Hundall
100073,Boycie,Edworthy,01/01/2009,Female,Bron,Leyfield,Zonnya,Crowd
100074,Ambrosius,Astall,29/08/2015,Genderfluid,Hinze,Merida,Benedetta,Tunnacliffe
100075,Kikelia,Barbera,27/01/2009,Agender,Norbert,Striker,Audrie,Ledwidge
100076,Alic,Scarr,13/12/2006,Agender,Fransisco,Cicchelli,Gerti,Godfroy
100077,Jeannette,Mullaly,21/02/2018,Bigender,Locke,Ellcome,Annnora,Brickell
100078,Leilah,Bonnefin,30/01/2007,Genderfluid,Gaile,Room,Gaby,Bulpitt
100079,Chickie,Catonnet,02/02/2020,Genderqueer,Jarad,Brigstock,Sharon,Roocroft
100080,Chloette,Wenzel,11/10/2014,Male,Steward,Fullom,Albertina,Kleeborn
100081,Kameko,Brownlie,28/03/2008,Genderfluid,Wallie,Campa,Karia,Gooderham
100082,Delilah,Stratford,17/12/2006,Bigender,Kerr,Hudleston,Pauletta,Crone
100083,Nicolais,Royl,25/12/2017,Genderfluid,Franz,Sherrocks,Concordia,Wudeland
100084,Vernon,Makin,16/01/2011,Agender,Kienan,Castellani,Mariette,Sparey
100085,Coretta,Camus,11/01/2014,Bigender,Vaclav,O'Gleasane,Christel,Grassett
100086,Lexis,Gawler,16/08/2017,Male,Hebert,Mathieu,Sidonnie,Headley
100087,Bryn,Havick,06/08/2011,Genderqueer,Robers,Tomkins,Andromache,Giral
100088,Franklin,Mosdill,19/12/2015,Agender,Nappy,Samsworth,Farra,Faint
100089,Gerik,Chipchase,21/07/2016,Bigender,Harvey,Luckey,Blancha,Hatfull
100090,Ingra,Roddam,15/05/2005,Female,Duff,Edson,Mada,Sarll
100091,Leese,Gregg,08/10/2017,Agender,Hirsch,MacDonald,Yelena,Whyberd
100092,Chrotoem,Render,26/04/2005,Genderfluid,Gerek,Penwright,Doll,Berthouloume
100093,Yovonnda,Daouse,04/10/2008,Polygender,Elroy,MacTrustey,Tuesday,Helstrip
100094,Carolus,Gniewosz,13/03/2014,Male,Erl,Bangiard,Abbi,Druitt
100095,Ervin,Ende,12/09/2007,Female,Peyter,Kilfeder,Elane,Clift
100096,Kaia,Bogaert,19/12/2019,Genderfluid,Konstantin,Itzchaky,Leoline,Dominick
100097,Damian,Keeley,31/03/2019,Male,Rad,Griggs,Amelina,Giff
100098,Larissa,Astbury,23/05/2005,Genderqueer,Xever,Dowsey,Alene,Penelli
100099,Avrom,Filkov,13/01/2009,Polygender,Yorke,Egginson,Caron,Jozaitis
100100,Zandra,Nielson,13/04/2013,Genderfluid,Hastie,Trewett,Carolyne,Minghi
100101,Jefferey,Hawksworth,31/10/2020,Genderqueer,Caz,Brockelsby,Allx,Woodworth
100102,Abba,Tomini,17/04/2008,Genderqueer,Dell,Rosel,Pet,Darbon
100103,Loren,Wallentin,05/01/2018,Female,Karoly,Troake,Christean,Lorenzini
100104,Maressa,Martyntsev,18/05/2005,Genderqueer,Jedidiah,Hawkyens,Rosemarie,Walicki
100105,Maximilian,Yaakov,02/10/2006,Non-binary,Heinrick,Whenman,Suellen,Strowther
100106,Erminie,Gaish,15/08/2005,Non-binary,Adam,Foucher,Maryl,Mercik
100107,Gwendolin,Devorill,07/08/2007,Genderqueer,Freeland,Greenwell,Bibbie,Gabrieli
100108,Kelvin,Saint,10/10/2012,Bigender,Jeff,Book,Claribel,Thaine
100109,Elyse,Bunson,12/10/2015,Polygender,Irv,Jovasevic,Onida,Exton
100110,Kristofer,Konneke,06/01/2009,Agender,Raimondo,Bardill,Debra,Litherland
100111,Barbabra,Stennes,06/04/2010,Non-binary,Justino,Baraclough,Caye,Thornber
100112,York,Ayerst,09/12/2016,Non-binary,Kermy,Pestell,Zuzana,Florentine
100113,Laraine,O'Kennavain,03/09/2012,Genderqueer,Say,Elwin,Trula,Bellard
100114,Nathan,McCracken,24/12/2014,Bigender,Alphonse,Staterfield,Quentin,Shiel
100115,Letisha,Clayal,27/08/2015,Polygender,Udall,Gosker,Tara,Yurlov
100116,Emmalee,Heindrick,18/03/2017,Polygender,Vernen,Janik,Ara,Selwood
100117,Hanna,Geerling,10/07/2011,Genderqueer,Buckie,Capelin,Eddi,Mc Gee
100118,Jeramie,Whewell,01/06/2005,Female,Verney,Daenen,Dorie,Perree
100119,Marcille,Curtayne,14/12/2010,Female,Reinold,Thorneywork,Drucill,Sandeland
100120,Bruno,Waszczykowski,18/11/2010,Polygender,Pieter,Flores,Kacey,Fortin
100121,Sumner,Pasby,14/04/2013,Genderfluid,Moshe,Lambkin,Priscilla,Robiou
100122,Stevy,Gatus,05/04/2007,Genderqueer,Thaddus,Prichard,Mignonne,Kless
100123,Doy,Backes,23/08/2013,Bigender,Shayne,Reville,Dawna,Brooksbie
100124,Misha,Butland,29/11/2010,Male,Hazel,Sellers,Luella,O'Dyvoy
100125,Bary,Littrick,19/04/2009,Genderfluid,Stacee,Giraudoux,Milli,Jerosch
100126,Dolf,Catmull,10/02/2011,Genderfluid,Rollin,Bodiam,Dani,Keys
100127,Wilow,Burlingame,31/10/2018,Non-binary,Titos,Joffe,Merlina,Adolfsen
100128,Sandie,Bulter,12/01/2009,Polygender,Christoffer,Wealthall,Ottilie,Stodd
100129,Maurise,Jaggli,27/08/2018,Genderfluid,Theodore,Rolse,Tatiania,Kubecka
100130,Tuesday,Dewi,27/04/2013,Genderqueer,Witty,Gilmour,Hollie,Ludgate
100131,Ramon,Margery,11/12/2014,Polygender,Beale,Mathiassen,Jacki,O'Cosgra
100132,Simona,Siveter,13/05/2017,Male,Farr,Leitch,Anatola,Dugood
100133,Charissa,Feaveryear,16/03/2009,Non-binary,Forest,Pitcock,Monika,Johns
100134,Karil,Tolussi,23/07/2011,Non-binary,Henri,Mouncher,Dianna,Castenda
100135,Romonda,Zanioletti,03/03/2018,Male,Nahum,Cainey,Lethia,Mursell
100136,Itch,Allwright,16/05/2019,Non-binary,Reinhard,Wenden,Antonietta,Sabathe
100137,Julee,Gregoriou,22/07/2005,Polygender,Vidovic,Sherbourne,Lily,Bolesma
100138,Benedetto,Nicklen,21/05/2017,Bigender,Patsy,Mairs,Griselda,Wallman
100139,Herve,MacCaig,16/05/2018,Female,Park,Walkden,Fenelia,Sunderland
100140,Bevin,Stanway,28/07/2007,Genderfluid,Leon,Lees,Joana,Blabie
100141,Winnie,Luto,11/06/2020,Genderqueer,Alonzo,Tinham,Deny,Bevans
100142,Arabela,Keat,06/03/2009,Genderqueer,Kurtis,Wooddisse,Pooh,Defraine
100143,Cly,Shepstone,08/12/2018,Genderfluid,Raimondo,Krzysztof,Marin,Zettoi
100144,Eduardo,Lackey,13/09/2013,Genderqueer,Mervin,Noore,Marylee,Mangenet
100145,Siegfried,Summerside,04/02/2020,Genderfluid,Sanders,Casper,Ailene,Fellibrand
100146,Dougy,Jordan,27/07/2020,Non-binary,Arnoldo,Harefoot,Lena,Stanfield
100147,Errick,Janic,17/12/2016,Bigender,Yvon,Hallen,Allison,Tanzer
100148,Trescha,Hornig,07/01/2020,Female,Kristoffer,Jalland,Devan,Ledur
100149,Silvana,Beringer,17/08/2006,Genderfluid,Caspar,Leadbitter,Chelsie,Venney
100150,Clifford,Goulding,16/09/2005,Agender,Egon,Sallnow,Gabriella,Tortis
100151,Townie,Dimitrov,24/07/2011,Female,Torrey,Coghlin,Ryann,Parmenter
100152,Emilia,McMenamin,28/10/2018,Non-binary,Ulric,Sheber,Fan,Becks
100153,Teodoro,Bastistini,11/04/2013,Female,Leroi,Hardan,Willi,Playdon
100154,Levon,Paddy,22/08/2008,Genderfluid,Raimund,Foxhall,Katuscha,Ciccotti
100155,Quinta,Dansey,09/05/2012,Non-binary,Valentin,Balderson,Rodie,Duell
100156,Marje,Stefi,03/03/2017,Male,Kearney,Hebblewhite,Kelly,Kilbourn
100157,Brandie,Penritt,28/10/2010,Male,Claudianus,Jensen,Irena,Gallimore
100158,Kara-lynn,Dormand,23/03/2007,Genderqueer,Aluin,Dunwoody,Leisha,Studeart
100159,Randolph,Shall,29/01/2018,Genderfluid,Gawain,Jerzykiewicz,Juliet,Stickford
100160,Madelle,Morriarty,12/01/2008,Polygender,Erroll,Fellon,Carita,Ochterlonie
100161,Freddy,McNuff,21/08/2008,Polygender,Delmore,Kowalik,Clarine,Shevlan
100162,Adriena,Lille,12/12/2006,Non-binary,Fran,Maughan,Millicent,Dotterill
100163,Waldon,Proom,26/11/2006,Male,Alexis,Dooley,Yolanthe,Visick
100164,Win,Bridgement,15/12/2014,Male,Reilly,Bedells,Kelcie,Crocker
100165,Win,Morpeth,17/01/2007,Polygender,Erl,Scutcheon,Nikoletta,Riccardo
100166,Morris,Jouannisson,19/08/2007,Genderqueer,Randolph,Gudgion,Evvie,Salla
100167,Jyoti,Burkitt,18/12/2016,Genderfluid,Ian,Cannicott,Amalita,Ridpath
100168,Bronnie,Darter,16/04/2016,Female,Tammy,Hatje,Lila,Breche
100169,Parsifal,Dabner,06/02/2021,Male,Shepperd,Keefe,Viola,Vango
100170,Kameko,Coutthart,23/12/2018,Female,Roland,Syphus,Deloria,Wardel
100171,Vivian,Di Nisco,04/11/2018,Non-binary,Hugues,Dodsley,Loralyn,Lilbourne
100172,Gunilla,Abley,05/07/2009,Non-binary,Hussein,Kiff,Gerrilee,Sibary
100173,Kiley,Nono,11/11/2008,Non-binary,Anthony,Firks,Melva,Ryle
100174,Pall,People,29/11/2005,Agender,Brendin,Pocknoll,Dorolisa,Yankeev
100175,Josias,George,03/11/2016,Genderfluid,Trstram,Hungerford,Sherill,Tyhurst
100176,Allegra,Hazelton,02/10/2018,Agender,Rufus,Concklin,Beverlie,Viggers
100177,Steffie,Kwietak,24/06/2013,Agender,Bryce,Corneck,Kakalina,Dahlbom
100178,Hillery,Dressel,14/11/2009,Female,Gordy,Maddy,Jobi,Pietz
100179,Mandi,Evert,10/06/2020,Male,Shannan,Grebert,Delcine,Marquis
100180,Wheeler,Crippill,21/04/2020,Genderqueer,Ruperto,Hawe,Verna,Jaggar
100181,Verney,Stobart,13/12/2018,Female,Rance,Argrave,Meade,Tander
100182,Shalne,Spellissy,24/10/2009,Bigender,Basilius,Oles,Amelia,Rodden
100183,Krysta,Larrat,26/08/2015,Female,Travis,Nanetti,Lethia,Llopis
100184,Casandra,Darbyshire,05/11/2014,Male,Wilbert,Chart,Marie-ann,Goodings
100185,Karol,Vicary,02/05/2013,Genderfluid,Prescott,Alps,Tori,Bleby
100186,Ignacio,Thomerson,18/04/2006,Genderqueer,Torrance,Renahan,Viv,Caush
100187,Margarita,Blanking,11/08/2007,Agender,Gilbert,Coulthard,Leonora,Hyrons
100188,Melamie,des Remedios,26/06/2017,Female,John,Esch,Anne-corinne,Croutear
100189,Guntar,Fiorentino,08/08/2019,Female,Shawn,Blunsen,Jo-anne,Dedam
100190,Halimeda,Donke,04/01/2015,Genderfluid,Andreas,Rowbottom,Candide,Muckian
100191,Hugues,Corwin,11/04/2015,Male,Abby,Sallans,Kandace,Kennion
100192,Pincas,Rowlings,18/02/2007,Genderqueer,Ulises,Durdle,Shirley,Flacknell
100193,Sophia,Lamswood,04/05/2017,Male,Gavin,Pagan,Jammie,Crimmins
100194,Raimondo,Channon,03/10/2012,Genderfluid,Lawton,Lomb,Carol-jean,Orrick
100195,Gilbertine,Hambidge,23/06/2013,Non-binary,Tallie,Brockley,Ophelie,Rome
100196,Arlyne,Neames,23/05/2007,Polygender,Spencer,Bushby,Dolly,Farnie
100197,Dacy,Kennham,13/12/2010,Genderqueer,Archambault,Spiaggia,Cordie,Sinnatt
100198,Bernadine,Dyke,29/04/2011,Male,Bayard,Gamble,Bernetta,Medlicott
100199,Therese,Blaymires,17/05/2017,Non-binary,Humberto,Melsome,Ivette,Samwyse
100200,Galvin,Pankethman,02/02/2007,Agender,Caldwell,Coxhell,Aundrea,Rosevear
100201,Mureil,Lissenden,03/11/2010,Male,York,Discombe,Brittani,Sherston
100202,Wood,Mylechreest,10/11/2016,Genderqueer,Goddard,Jeanneau,Sascha,Dike
100203,Daffie,Holyard,02/02/2020,Genderqueer,Ambrosius,Simenon,Rebeca,Livett
100204,Korney,Styche,06/04/2013,Polygender,Shadow,Lathan,Orella,Battersby
100205,Aryn,Langman,25/08/2007,Bigender,Marlin,Kirstein,Kylie,Marquese
100206,Ansel,Burchess,03/09/2011,Polygender,Dorian,Connaughton,Emogene,Habershaw
100207,Garwood,Caulfield,09/07/2017,Polygender,Thatcher,Vanetti,Arlen,Syers
100208,Alphard,Stodart,06/03/2019,Male,Stephanus,Kliche,Mahala,Luffman
100209,Letisha,Reames,15/06/2018,Polygender,Leonhard,Breissan,Georgette,Iacovino
100210,Moritz,Gorey,24/06/2014,Non-binary,Aldin,Pestor,Joni,Desouza
100211,Jaimie,Borland,14/07/2010,Male,Garrard,Cressy,Angil,Matt
100212,Brit,Bowry,15/02/2012,Bigender,Hobart,Rosgen,Lily,Walkling
100213,Alic,Norcliff,22/12/2015,Male,Akim,Weepers,Arlee,Abbati
100214,Clarette,Colkett,27/12/2012,Polygender,Tanner,Menham,Brandy,Andreia
100215,Maddie,Eykelbosch,02/03/2020,Agender,Asher,Seal,Susette,Brownlee
100216,Mimi,Walcar,30/11/2015,Agender,Kelsey,Freeland,Melodee,Sanpere
100217,Patten,Gavan,01/10/2011,Polygender,Sax,Waddington,Kathye,Iglesiaz
100218,Stephani,Cobbald,02/01/2008,Male,Reinold,Eglaise,Dionis,Dearell
100219,Carla,Ruggs,05/03/2013,Male,Keven,Lacoste,Arlee,Simmance
100220,Carola,McGawn,04/02/2018,Genderfluid,Perceval,Lugsdin,Rivalee,Clayal
100221,Uriel,McInulty,01/04/2015,Genderfluid,Zollie,Philliskirk,Rochette,McCooke
100222,Lee,Blinckhorne,11/01/2012,Genderfluid,Evered,Secker,Sharleen,Gluyas
100223,Elisha,Kohring,16/04/2020,Bigender,Raynor,Ferriere,Perla,Wilhelmy
100224,Benedetto,Berget,05/03/2012,Agender,Bernie,Parke,Nara,Vergo
100225,Nickolai,Milham,30/01/2016,Bigender,Milty,Kippins,Erda,de la Valette Parisot
100226,Bil,Halshaw,04/11/2017,Polygender,Dukey,Harral,Gavrielle,Fullerton
100227,Benni,Stancer,31/01/2021,Genderfluid,Marsh,O'Cahsedy,Tonye,Darwin
100228,Gaelan,Spacy,09/12/2008,Female,Zeb,Bowkley,Sianna,Devanny
100229,Sharia,Dunniom,16/09/2017,Female,Humfrey,Huniwall,Val,O'Shevlin
100230,Kenna,Guyon,07/11/2015,Polygender,Terrell,Trenholm,Stefania,Disdel
100231,Liliane,Grove,09/08/2012,Agender,Brander,Shotton,Lynnea,Lange
100232,Marcela,Jakubovicz,21/07/2019,Non-binary,Brandon,Dugue,Tatiania,Kunisch
100233,Eddi,Houdmont,20/10/2016,Polygender,Doyle,Farlambe,Beverly,Offa
100234,Wini,Ivan,10/01/2009,Bigender,Fred,Bultitude,Kalinda,Corkhill
100235,Hanny,Cund,18/05/2013,Agender,Edouard,Yansons,Vilhelmina,Hadley
100236,Cort,Adriano,11/08/2013,Female,Chaddie,Graves,Milena,Heard
100237,Sebastien,Sainz,20/08/2013,Polygender,Alasdair,Aleksankin,Merridie,Dawby
100238,Marius,O'Henery,01/07/2009,Bigender,Templeton,Paulich,Josey,Sheen
100239,Vida,Fife,29/12/2011,Male,Dexter,Chessman,Sarene,Walsom
100240,Nathanial,Danser,08/01/2017,Agender,Shelley,Betts,Shaylyn,Haysom
100241,Dollie,Astley,29/09/2006,Polygender,Mikael,Bourbon,Sharity,Daulby
100242,Terrie,Willimont,15/11/2005,Bigender,Brandy,Reddyhoff,Vicky,Romans
100243,Alonso,Ashby,08/04/2019,Female,Trstram,Hames,Felicdad,Listone
100244,Sheryl,Kenan,28/05/2016,Male,Sawyer,Oxbury,Gnni,Ritchley
100245,Tremain,Sawyer,31/03/2009,Female,Isa,Jaggers,Clemence,Bolesma
100246,Ruben,Pidgen,22/05/2009,Bigender,Raddie,Pheazey,Carie,Warbeys
100247,Louella,Braiden,29/12/2016,Male,Inness,Crosswaite,Laetitia,Fellgate
100248,Spencer,Whetland,26/05/2007,Bigender,Rutherford,Pipe,Rheba,Goreisr
100249,Hercules,Smalridge,19/12/2007,Non-binary,Pierre,Newlands,Phyllis,Molineux
100250,Brandea,Heskins,19/11/2015,Male,Creigh,Brucker,Aleece,Querree
100251,Leta,Phizaclea,13/09/2006,Polygender,Broderick,Idiens,Cyndi,Stear
100252,Jessie,Domican,26/07/2006,Bigender,Barnebas,Rexworthy,Jacinthe,Buckerfield
100253,Johannes,Barrs,03/12/2011,Polygender,Ron,Hrishchenko,Annaliese,Spittall
100254,Anthe,Iacovone,08/10/2011,Female,Mar,Ranking,Shay,Drury
100255,Jessamyn,McLenaghan,13/12/2006,Genderqueer,Baron,MacRanald,Lorraine,Baldelli
100256,Ginevra,Farnell,25/03/2010,Genderfluid,Ilaire,Arch,Lorrin,Clint
100257,Selby,Streight,24/06/2011,Non-binary,Warner,Jervoise,Petronilla,Galiero
100258,Cari,Rawsthorne,26/03/2009,Genderfluid,Harley,Connah,Pearla,Ovell
100259,Casar,Chave,15/08/2017,Non-binary,Everard,Scogings,Harriet,Crickmer
100260,Vasilis,Igo,22/08/2018,Non-binary,Pattin,Rosendahl,Bobinette,Dumphries
100261,Nita,Faustian,18/07/2014,Bigender,Sutherlan,Wyrill,Karalynn,MacLeod
100262,Clevey,Andryunin,08/07/2016,Male,Darcy,Bansal,Nicolea,Gradon
100263,Norrie,Ciccoloi,06/09/2012,Genderfluid,Kort,Lampaert,Tomi,Ciani
100264,Delmar,Lewsie,01/04/2008,Agender,Taber,Leftwich,Sallyanne,Lemar
100265,Allie,Trodden,23/08/2016,Male,Todd,O' Hogan,Clem,Tutill
100266,Babita,Flobert,04/11/2006,Bigender,Angeli,Heakins,Alfreda,Germain
100267,Winnie,McTeer,29/09/2010,Agender,Renato,Siney,Starla,Extal
100268,Georg,Mines,24/02/2009,Non-binary,Waylan,Plumm,Desiree,Link
100269,Felicia,Colerick,31/12/2013,Female,Olly,Walduck,Aveline,Van Vuuren
100270,Anne-corinne,Poxson,14/05/2005,Polygender,Kimbell,Gentner,Robbyn,Ryland
100271,Allistir,Francklyn,26/06/2011,Polygender,Emmy,Filchagin,Lonna,Summerscales
100272,Ambros,Halliday,10/11/2015,Female,Spence,Goldstraw,Darci,Fattori
100273,Tod,Sayer,01/10/2012,Genderqueer,Bret,McGoogan,Gay,Berrigan
100274,Farrand,Scedall,20/09/2017,Male,Stevy,Beese,Corine,Setchfield
100275,Alvinia,Crichmer,14/11/2014,Genderfluid,Kit,Merlin,Tatum,O'Concannon
100276,Blanch,Veivers,30/10/2016,Genderfluid,Franz,McAnalley,Carmelle,Herculeson
100277,Krystyna,Fridlington,14/05/2019,Genderfluid,Ralf,Upstell,Marilee,Aspinwall
100278,Katti,Derham,28/05/2020,Genderqueer,Stuart,Point,Ellie,Varne
100279,Garrick,Barratt,15/12/2015,Bigender,Hort,Gunningham,Dawna,McGoon
100280,Doralin,Shiell,18/07/2017,Male,Ash,Starbucke,Selene,Bwye
100281,Olag,Portch,14/01/2008,Non-binary,Darn,Callingham,Estell,MacGoun
100282,Alaric,Deighan,10/11/2008,Female,Allan,Brymham,Karly,Derrick
100283,Roxine,Clooney,23/12/2015,Female,Worden,Corstan,Carlin,Magnus
100284,Dorothee,Gittings,23/03/2009,Female,Rufus,Bourges,Manya,Nicklen
100285,Valina,Dotson,17/08/2015,Male,Harcourt,Braddon,Rosemonde,Sivyour
100286,Terrie,Radbond,12/12/2019,Agender,Francis,Berthod,Marcellina,Northley
100287,Fleming,Proschek,12/02/2012,Genderfluid,Diarmid,Persence,Ariadne,Turbill
100288,Emlen,Clue,12/10/2017,Bigender,Domenico,Tatterton,Almira,Lowndsborough
100289,Gilli,Queenborough,16/11/2013,Genderqueer,Titos,Bread,Blondelle,Ferie
100290,Raynell,Mulder,08/07/2007,Bigender,Marcel,Harbin,Judi,Duprey
100291,Nap,Lambertini,13/08/2016,Genderfluid,Sollie,Philipeaux,Sari,Clee
100292,Fiorenze,Gregor,13/11/2016,Bigender,Kort,Dickenson,Jenda,Merfin
100293,Nathanael,Hamlin,15/12/2017,Male,Brantley,Clowney,Paule,Skittles
100294,Cathlene,Defew,11/04/2013,Polygender,Giordano,Brodie,Lorrayne,Indruch
100295,Augustus,Life,04/09/2010,Bigender,Joe,Reddington,Leticia,Walas
100296,Blinny,O'Leahy,11/08/2018,Male,Rodolph,Wing,Tish,Jzak
100297,Zilvia,Rymmer,12/03/2013,Genderqueer,Gordan,Frentz,Emmalee,Cavee
100298,Odo,Doole,02/01/2006,Male,Ingemar,Sieghart,Ardith,Erie
100299,Janenna,Daggett,12/11/2006,Genderqueer,Hewett,Folomkin,Vevay,Pickston
100300,Simmonds,Burton,20/12/2013,Non-binary,Ricky,Frake,Clarie,Skacel
100301,Judas,Bigglestone,08/03/2019,Agender,Marcello,Durham,Cybill,Gravey
100302,Lucias,Prandy,20/04/2011,Female,Whittaker,Donaway,Genna,Matushevich
100303,Everard,Catchpole,25/10/2010,Non-binary,Marvin,Mockler,Claudette,Bysshe
100304,Rosabella,Battaille,15/11/2007,Agender,Jimmie,Isherwood,Antonina,Issacov
100305,Micheline,Niesing,20/01/2007,Bigender,Vic,Gergher,Holli,Rodger
100306,Wiley,Chicchelli,24/11/2007,Agender,Claiborne,Darmody,Ingaborg,Mableson
100307,Mirabelle,Wilcinskis,03/09/2020,Female,Anderson,Duker,Violetta,Duffrie
100308,Ondrea,Bygreaves,07/10/2006,Non-binary,Christoforo,Creasey,Evania,Scimoni
100309,Ebenezer,Bunning,05/06/2005,Genderfluid,Lewiss,Dillinton,Agata,Charer
100310,Skipton,Sappell,28/11/2019,Genderfluid,Bat,Gallamore,Ginnifer,McGorley
100311,Elbert,Lerhinan,30/05/2007,Bigender,Rube,Badwick,Phedra,MacAnulty
100312,Cesar,Ayre,03/04/2014,Genderqueer,Howie,Walsh,Danell,Moffett
100313,Lea,Bleacher,19/01/2007,Bigender,North,Goosey,Jacki,Frichley
100314,Jourdain,Kingsman,13/05/2020,Male,Thurston,Poplee,Jerrie,Friel
100315,Silvain,Titta,06/08/2020,Male,Augy,Linfitt,Larine,Dudgeon
100316,Jandy,Burnsides,27/07/2005,Male,Wolfy,Landis,Pauli,Kiely
100317,Kinna,Coyish,24/12/2015,Non-binary,Jose,Gavin,Marsiella,Greathead
100318,Dalia,Risborough,03/02/2015,Genderqueer,Tudor,Poinsett,Kata,Ambrosini
100319,Meade,Astlet,24/12/2008,Bigender,Hillard,Warfield,Marlene,Easter
100320,Dale,Elintune,03/09/2016,Non-binary,Vern,Castella,Latrena,Pischof
100321,Eolanda,Macguire,24/11/2008,Genderfluid,Burt,Davidi,Muriel,Noke
100322,Arri,Serck,27/02/2015,Genderfluid,Lemmie,Pibworth,Virginie,Kenford
100323,Bettye,Iacovone,21/01/2016,Female,Prince,Switzer,Sandye,Berk
100324,Noella,Conechie,26/11/2015,Female,Ingelbert,Alsina,Ivy,Springle
100325,Leonelle,Cornfield,28/04/2019,Non-binary,Morgen,Gorgler,Mable,Bowater
100326,Morley,Wigzell,26/06/2006,Agender,Bartolomeo,Simms,Agnes,Bunstone
100327,Burl,Drover,23/03/2014,Male,Tyrus,Gulland,Mira,Archdeacon
100328,Karie,Dollman,08/05/2020,Non-binary,Dalton,Obell,Eydie,Dwire
100329,Garwood,Stile,17/09/2017,Polygender,Kendricks,Tremellan,Gladys,Ferrarello
100330,Ebba,Stanmore,25/03/2009,Non-binary,Skipper,Backhouse,Ola,Gonet
100331,Ketty,Hogben,06/11/2011,Polygender,Kristoffer,Walkden,Kelsey,Daborn
100332,Saxe,Enns,06/03/2005,Non-binary,Herbie,Jannasch,Kelley,Roller
100333,Gordy,Shorte,27/06/2009,Female,Tucker,Titcumb,Licha,Wride
100334,Hope,Delagnes,09/04/2019,Male,Vinny,Beringer,Casi,Jiras
100335,Joleen,Platfoot,14/10/2014,Male,Bail,Dougill,Felice,Gwyneth
100336,Jacinthe,Conws,09/08/2011,Bigender,Ode,Goodlip,Alvira,Jenckes
100337,Shelton,Tyt,03/06/2006,Agender,Giffer,Folland,Sibylle,Sainsberry
100338,Harmon,Poppy,22/03/2019,Genderqueer,Dave,Diamond,Fanchon,Espasa
100339,Barnabe,Swafield,07/08/2008,Non-binary,Marlin,Weymont,Lin,Izakovitz
100340,Britney,Hayhurst,22/12/2007,Bigender,Matty,Juschka,Catlaina,Braven
100341,Haywood,Probbing,18/03/2006,Male,Barris,Osgar,Lou,Cottom
100342,Aretha,Hendrickx,30/05/2018,Genderqueer,Steve,Lawley,Estell,Stanway
100343,Chancey,Micklem,18/02/2019,Male,Gawain,Brumbie,Irene,Foston
100344,Bianka,Clemits,16/02/2011,Bigender,Benson,Rozea,Melisande,MacTerlagh
100345,Brit,Gaffey,06/12/2009,Bigender,Moises,McCrone,Kittie,Burling
100346,Tuesday,Verrall,08/08/2009,Genderqueer,Hewe,Carleton,Lilith,Ivanichev
100347,Lorine,Rosina,22/12/2005,Polygender,Durand,Taffe,Avivah,Haxbie
100348,Paulie,Hards,14/06/2013,Female,Martyn,Rove,Margie,Nattrass
100349,Blondelle,Crighton,07/05/2015,Bigender,Boycey,Chatin,Roberta,Daltrey
100350,Armstrong,Coke,11/01/2019,Non-binary,Freeland,Petschelt,Fiorenze,Janes
100351,Mersey,Brooking,23/05/2005,Bigender,Reinald,Thrift,Leda,Philipard
100352,Ivonne,Rapi,15/11/2006,Female,Kippy,Bragger,Ninnette,Hyrons
100353,Doria,Revelle,24/08/2006,Bigender,Cesaro,Worthington,Teressa,O'Lagene
100354,Trstram,Pilbeam,14/02/2019,Female,Verne,Riccio,Shawnee,Frostdick
100355,Eden,Ferrarese,23/12/2016,Genderqueer,Dominique,Westney,Sasha,Hincks
100356,Isidor,Gladdish,25/07/2020,Non-binary,Bard,Dunmore,Marlee,D'Alessandro
100357,Phyllida,Danilyuk,11/03/2006,Genderqueer,Ferdie,McMennum,Fenelia,Doble
100358,Savina,Villa,13/02/2008,Agender,Bartie,Todari,Kerrill,Drummond
100359,Arte,Bastable,07/06/2016,Female,Robb,Trounce,Minnaminnie,Wickersham
100360,Lorne,Siddaley,24/12/2015,Female,Cobbie,Akhurst,Brigitte,Conn
100361,Pen,Donegan,15/01/2009,Polygender,Padget,Arckoll,Costanza,Coneau
100362,Franz,Drewes,23/04/2009,Polygender,Rudie,Witch,Nelie,McAusland
100363,Margi,Morville,23/02/2019,Agender,Orlan,Garlette,Leigha,Szreter
100364,Nealson,McGenis,17/03/2006,Polygender,Red,Poundford,Natka,Milburn
100365,Denice,Pafford,17/01/2010,Female,Raoul,O'Dunniom,Alexia,de Tocqueville
100366,Tootsie,Hughes,23/10/2015,Bigender,Omar,Simson,Vernice,Lippini
100367,Nevsa,Kendrew,16/08/2007,Male,Lorenzo,Polye,Nicolina,Leates
100368,Anselma,Canti,27/08/2005,Polygender,Claudio,Hurler,Venita,Benasik
100369,Catherine,Latek,06/02/2020,Polygender,Teodoor,Petrichat,Yoko,Worman
100370,Andros,Gladbeck,01/03/2014,Genderfluid,Norbert,Salvadori,Ashil,Picken
100371,Klarika,Catonnet,28/04/2017,Genderfluid,Everett,Fley,Tiphany,Goalley
100372,Marci,Dy,29/04/2011,Non-binary,Allayne,Humbee,Tiphani,Helwig
100373,Guido,Figgess,11/02/2015,Genderqueer,Sibyl,Breckon,Bea,Zanelli
100374,Lawrence,Castellucci,27/04/2013,Male,Hughie,Bontine,Anetta,Greenroa
100375,Torie,Byneth,26/06/2006,Female,Shaun,Kerwood,Elka,Powrie
100376,Annice,Meegin,28/06/2006,Non-binary,Dillie,Castano,Cass,Atkin
100377,Viviana,Pegg,15/07/2009,Agender,Neel,Rawll,Tessi,Mapson
100378,Trudy,Sears,14/08/2009,Female,Lars,Keeble,Joanie,Trevon
100379,Ardine,Faloon,14/03/2012,Female,Jasen,Blacket,Sherry,Collishaw
100380,Tess,McArthur,30/06/2015,Genderfluid,Isidor,Walsh,Elayne,Grimsdell
100381,Hermie,Waggett,04/08/2019,Polygender,Willdon,Camois,Amalle,Dowle
100382,Corabella,Newis,15/04/2006,Female,Hilarius,Whaites,Bertine,Schuster
100383,Peri,Paver,07/12/2016,Male,Norbie,Camerello,Teddi,Ketts
100384,Laraine,Jurkowski,02/04/2016,Genderfluid,Alejoa,Boag,Isadora,Egginson
100385,Jason,Fantonetti,07/02/2014,Bigender,Zolly,Brookz,Carri,Copley
100386,Gustavo,Nangle,10/03/2012,Genderqueer,Natale,Rosenblath,Maureene,Duran
100387,Tuckie,McCaig,29/07/2013,Female,Hogan,Sarton,Tomasine,Marshalleck
100388,Josefa,Balaison,08/09/2013,Bigender,Tadio,Padbury,Matelda,Tregunnah
100389,Concordia,Finch,14/02/2007,Male,Maddy,Vezey,Catriona,Bryceson
100390,Farrand,Helian,28/08/2008,Non-binary,Malvin,Blonden,Mona,Bonnier
100391,Katerine,Ager,15/11/2019,Genderfluid,Puff,Dewdney,Lynnea,Cornhill
100392,Koo,Beacham,24/12/2018,Bigender,Gannie,Cockrill,Teena,Colly
100393,Dane,Piercey,01/02/2019,Genderfluid,Mitch,Storie,Jewel,Brookhouse
100394,Mile,Linstead,14/01/2012,Bigender,Bertram,Piquard,Karel,Tompkiss
100395,Bertram,Dorbin,29/06/2017,Agender,Homere,Graveson,Lucy,McNeice
100396,Davide,McCrea,01/08/2017,Female,Barbabas,Thurlborn,Jilly,Pochon
100397,Yelena,Burgott,23/03/2018,Female,Hadley,Craise,Dale,Pentecost
100398,Ban,Lehrmann,02/11/2020,Agender,Erwin,Killock,Annalee,Bamblett
100399,Cornall,Blaxeland,25/10/2015,Non-binary,Erasmus,Milby,Christie,Dilland
100400,Elvin,O'Corhane,06/11/2015,Male,Errick,Livsey,Courtnay,Shenton
100401,Kile,Tranter,02/03/2014,Polygender,Booth,Saunper,Salli,Rothera
100402,Adolf,Martinat,22/06/2014,Non-binary,Sherwood,Wilcinskis,Anica,McTear
100403,Dieter,Dinwoodie,17/09/2009,Genderfluid,Robbert,Alty,Estelle,McAllen
100404,Lorenza,Dowbekin,31/10/2016,Male,Barton,Jowling,Susann,Andres
100405,Rennie,Roadknight,16/03/2018,Agender,Christophorus,Parminter,Cloris,Perview
100406,Caldwell,Haylett,20/01/2013,Polygender,Gram,Matisse,Zaria,Matzkaitis
100407,Pepillo,Grent,31/08/2007,Male,Ignazio,Dunn,Mira,Sokell
100408,Karoly,Behne,16/01/2013,Polygender,Nolan,Bodiam,Susie,Mertin
100409,Agna,McEttigen,04/02/2018,Bigender,Alexandre,Hadfield,Nelia,McMurray
100410,Fernando,Beaman,14/09/2016,Genderqueer,Grannie,Powlett,Moina,Arnout
100411,Bronson,Pagram,23/04/2018,Non-binary,Andy,Jevon,Kathi,Athy
100412,Emera,Purdey,24/09/2016,Bigender,Carey,Huish,Dacie,Ralphs
100413,Annie,Pietroni,15/05/2016,Genderqueer,Sayer,Gorelli,Merline,Fidgin
100414,Nevin,Body,15/11/2020,Genderqueer,Levin,Peaker,Edin,Ropartz
100415,Goddart,Britzius,28/04/2008,Bigender,Byrle,Hufton,Olympie,Ilyas
100416,John,Eberts,17/03/2006,Genderqueer,Hailey,Biggen,Jacenta,McIlwain
100417,Lowe,Jelphs,23/11/2020,Agender,Matthiew,Bonds,Ashlie,Eadmeads
100418,Mallissa,Lown,29/07/2009,Polygender,Granthem,Scarff,Kacy,Curtoys
100419,Aldis,McCaughren,13/09/2017,Bigender,Law,Hinder,Gilberte,Malinson
100420,Kathryne,Trevett,07/08/2015,Bigender,Barnabas,Artrick,Keeley,Middas
100421,Bonny,Pavelka,23/12/2010,Female,Lemmy,Gillinghams,Ruthe,Gutcher
100422,Daile,Minshaw,02/08/2017,Genderqueer,Lesley,Holtum,Aubine,Brigshaw
100423,Marne,Holdin,19/04/2006,Non-binary,Itch,Euler,Kynthia,Donaher
100424,Marchelle,Brandone,01/12/2011,Polygender,Manuel,McElrea,Nessie,Fortey
100425,Myrlene,Ackers,09/04/2012,Genderfluid,Tanny,Semark,Karlen,Nitti
100426,Braden,Lukash,24/09/2007,Genderfluid,Feliks,Gillicuddy,Brande,McCarty
100427,Mile,Burles,30/09/2008,Genderfluid,Roderic,Cianelli,Ferdinande,Digg
100428,Rosanna,Antonignetti,16/03/2017,Male,Augie,Lambell,Barbi,Foulds
100429,Veda,Androck,11/01/2011,Non-binary,Niven,Sowten,Gilemette,Betun
100430,Euphemia,Rubinfeld,08/10/2012,Female,Menard,Roseburgh,Valma,Meaking
100431,Lavinie,Iggalden,05/07/2007,Male,Dewitt,Tigner,Tabbi,Heintsch
100432,Norry,Christensen,21/06/2006,Polygender,Hewett,Karim,Michaelina,Bauser
100433,Fenelia,Churchill,18/07/2018,Male,Rex,Llop,Darcee,Uvedale
100434,Goldi,Moughtin,07/05/2015,Agender,Bertrand,Mosley,Beckie,Renner
100435,Jenelle,De Filippis,14/06/2019,Genderqueer,Hewie,Deans,Monica,Busher
100436,Kari,Feaver,02/09/2008,Male,Graham,Kenforth,Jaimie,Duetsche
100437,Victor,Stansby,06/02/2020,Female,Gerald,Bache,Lynett,Ruvel
100438,Seana,Matton,25/04/2009,Female,Ivar,Salliss,Caroljean,Tolcharde
100439,Devonne,Mullaney,14/07/2017,Bigender,Nev,Bracchi,Petunia,Laden
100440,Lanna,Dedman,12/10/2016,Polygender,Robinet,Esch,Kelsi,Duffree
100441,Almeda,Duxbury,12/01/2021,Male,Matthieu,Bever,Babbette,Tewkesberrie
100442,Nariko,Renforth,30/06/2019,Genderqueer,Ludwig,Scotney,Leanor,Tillyer
100443,Lawrence,Densey,02/09/2019,Genderfluid,Talbot,Marchenko,Christie,Cooling
100444,Nicolais,Mendonca,24/11/2016,Agender,Galvin,Raper,Oralie,Fahrenbacher
100445,Arlena,Swiffan,03/03/2018,Female,Toddie,Murthwaite,Pennie,Keningley
100446,Konstantine,Birrell,07/05/2007,Bigender,Jacky,Screach,Roch,Elfes
100447,Gallard,Engel,02/08/2006,Bigender,Frank,Izzatt,Andie,Brigman
100448,Ingelbert,Edy,02/02/2006,Male,Toddie,MacDearmaid,Mikaela,Look
100449,Evelyn,Dennick,29/10/2005,Genderqueer,Gardy,Chatto,Tabbi,Hollingsby
100450,Alene,Rohmer,04/06/2008,Agender,Hubie,Kingerby,Kirbee,Woolley
100451,Arlina,Girvan,10/09/2009,Bigender,Eldin,McNeigh,Kathie,Blanking
100452,Sonnnie,McVittie,07/06/2018,Genderfluid,Garvy,Samsin,Vannie,Cufley
100453,Lyndsie,Naylor,10/03/2006,Male,Ken,Rolfs,Shandee,Trenbey
100454,Roxy,Bolino,13/08/2009,Bigender,Del,Canizares,Laurice,Knowlton
100455,Teri,Aloshikin,29/11/2010,Agender,Hillie,Simacek,Liza,Leonards
100456,Noni,Bernardos,10/09/2018,Agender,Frederick,Dun,Gustie,Gambles
100457,Penn,Conws,11/08/2010,Female,Cobbie,Elvidge,Lonna,Stendall
100458,Hasheem,Christophersen,08/12/2005,Female,Farleigh,Heugel,Freddi,Peer
100459,Ellsworth,Cadagan,23/09/2008,Polygender,Keefe,Sayle,Auguste,Ascough
100460,Brockie,Bradman,01/08/2012,Non-binary,Finn,Possell,Ingeborg,Belden
100461,Barbette,McCullouch,26/10/2018,Polygender,Cletus,Shilton,Retha,Broomhead
100462,Ida,Lugsdin,08/10/2007,Bigender,Paton,McCullen,Sula,Sitford
100463,Albie,Drysdell,19/05/2006,Agender,Eldon,Ketteridge,Maryellen,Wilkowski
100464,Wendel,Mallinar,10/12/2011,Genderqueer,Brok,Dunmore,Almeda,Hush
100465,Rosanne,Keilloh,31/08/2009,Genderfluid,Jaye,Fay,Merralee,Bartolomeotti
100466,Heddi,Norcott,25/02/2005,Genderfluid,Randolf,Cicullo,Ray,Akred
100467,Vilhelmina,Roselli,17/02/2014,Genderqueer,Marius,Partner,Norri,Sinkinson
100468,Kearney,Houdhury,16/03/2015,Polygender,Axel,Hugonin,Erin,Daish
100469,Tull,Bloxham,31/10/2014,Male,Victor,Sepey,Hope,Meiningen
100470,Lawry,McEnhill,03/07/2006,Female,Barton,McClenan,Melanie,Bitterton
100471,Lenore,Birdsey,07/11/2006,Genderqueer,Ingram,Kendal,Lianna,Crutchley
100472,Melva,Yven,30/08/2019,Male,Heinrick,Cirlos,Eolanda,Linge
100473,Maurizia,Coaker,28/06/2007,Female,Pete,Crowe,Sabrina,Gabey
100474,Tomaso,Roycroft,08/01/2021,Female,Reilly,Laurisch,Cherin,Heinish
100475,Buddie,Pryor,26/10/2013,Agender,Denys,Mourant,Willette,Antcliff
100476,Kippy,Konmann,12/12/2011,Female,Archibald,Arstingall,Ryann,Dosedale
100477,Bobbee,O'Fallone,05/10/2009,Polygender,Melvin,Child,Quintilla,Knowlys
100478,Batsheva,Yanshinov,27/08/2013,Male,Urbano,Crichley,Rianon,Imlock
100479,Griffy,Luxford,27/11/2009,Genderqueer,Prentice,Olivey,Nita,Aldrin
100480,Bellanca,Shuxsmith,15/06/2009,Genderqueer,Briano,Whitlock,Alene,Spyby
100481,Ailina,Beidebeke,23/12/2018,Female,Oliver,Grishinov,Fredia,Flaune
100482,Dasya,Dauber,24/08/2015,Bigender,Jules,Northbridge,Jena,Cudde
100483,Jaquelin,Sobczak,03/06/2016,Female,Rustie,Bertelmot,Zorine,Toupe
100484,Lauraine,Innerstone,15/03/2016,Polygender,Lester,Steen,Zarla,Cranney
100485,Margery,Whitland,31/10/2008,Male,Boonie,McGiff,Doti,Greenhead
100486,Adlai,Height,21/03/2005,Male,Valentin,Atkyns,Ailey,Elsby
100487,Stefa,Mouton,19/09/2015,Male,Bartie,Duckerin,Marrissa,Roddam
100488,Douglass,Riccelli,07/10/2013,Polygender,Guido,Powley,Babara,Dassindale
100489,Basia,Ponte,02/09/2005,Female,Christiano,Fernant,Joyous,Tunstall
100490,Karney,Cramer,17/01/2015,Bigender,Weidar,Mansell,Kathe,Milmo
100491,Toni,Curtin,03/04/2014,Female,Brenden,Grabban,Rubina,Birds
100492,Donia,Spain,12/01/2018,Male,Dru,Danit,Gwendolin,Gibke
100493,Albie,Fosten,06/02/2016,Genderqueer,Bronny,Barrasse,Brynne,Choldcroft
100494,Amalee,Yakhin,11/03/2009,Non-binary,Bradley,Upstone,Darbie,Dryburgh
100495,Aurea,Lassey,23/08/2020,Bigender,Vance,Coolbear,Charis,Hemphill
100496,Scotty,Santry,02/11/2012,Male,Gawain,O'Cooney,Emelina,Willgress
100497,Bette-ann,Sant,26/12/2011,Agender,Leonhard,Headrick,Bonny,Ruprechter
100498,Roxana,Boldt,11/04/2007,Bigender,Conrado,Leat,Gertrud,Dukes
100499,Roselle,Pleager,03/10/2009,Bigender,Nevil,Parell,Verna,Procter
100500,Jacynth,Phare,16/11/2009,Polygender,Thorny,Marwick,Kary,Skrine
100501,Klarrisa,Pether,18/03/2018,Polygender,Kristoffer,Stockport,Marje,Speck
100502,Veronica,Roels,09/08/2009,Bigender,Darby,Durran,Yasmin,Labrom
100503,Jamison,Oley,17/07/2015,Polygender,Emmerich,Lambot,Chrystal,Stobie
100504,Karoly,Mutlow,07/06/2012,Genderfluid,Vale,O'Flynn,Blondell,Schneidau
100505,Dora,Yakushkin,05/01/2016,Bigender,Kermit,Bewley,Heloise,Cuttler
100506,Christi,Meys,13/06/2011,Polygender,Ruprecht,Sim,Klarrisa,Argo
100507,Angelique,Probate,21/03/2006,Polygender,Kevan,McAloren,Kalie,Marsland
100508,Wait,Carey,14/11/2018,Female,Russ,Aleveque,Celene,Farrer
100509,Annabel,Thams,08/07/2007,Bigender,Andris,Aleksandrikin,Joete,Larcombe
100510,Wallie,Lamy,19/03/2012,Polygender,Land,Littefair,Wilone,Aubury
100511,Michal,Slocomb,15/03/2015,Polygender,Onfroi,Diegan,Jemima,Chislett
100512,Gisella,Yele,04/01/2007,Male,Emery,Mc Curlye,Bernadene,Harback
100513,Cordie,Schurig,31/03/2020,Agender,Jay,Franzel,Beitris,Novotna
100514,Ogden,Buick,27/06/2009,Bigender,Parry,O'Callaghan,Eleanore,Theuss
100515,Darnall,McTerlagh,25/06/2013,Polygender,Godfrey,Vettore,Corrinne,Gurery
100516,Vail,Dugood,21/05/2018,Female,Gregory,Gething,Rochella,Alcide
100517,Georgy,Moynham,25/01/2014,Genderfluid,Clerc,Tohill,Kass,Cankett
100518,Elenore,Heninghem,01/03/2017,Agender,Arlen,Paule,Brianna,Pennini
100519,Milt,Yakebovitch,21/12/2005,Female,Raynard,Avramov,Layney,Bavin
100520,Taber,Filintsev,17/08/2009,Agender,Randall,Scourge,Jourdan,Lerway
100521,Ellene,Alyonov,06/06/2011,Genderfluid,Ignacius,Brando,Morgen,Ashment
100522,Lock,Kneeshaw,29/11/2012,Polygender,Ruben,Dranfield,Corry,Campkin
100523,Penelope,Jaeggi,24/01/2020,Agender,Garv,Gerhartz,Gilbertina,Baitson
100524,Kalina,Wadforth,08/08/2008,Genderfluid,Edouard,Robiou,Hermia,Whatham
100525,Cece,Steels,22/12/2009,Polygender,Allard,Corballis,Mira,Kinsell
100526,Dorian,Ingerson,14/01/2019,Genderqueer,Riley,Goodyer,Joana,Overall
100527,Desmond,Dalglish,30/09/2008,Bigender,Bartolemo,Sabattier,Perl,Jordi
100528,Celene,Grills,03/05/2017,Genderqueer,Etan,Custard,Kerrill,MacTrustram
100529,Melissa,Grimsdyke,21/03/2015,Female,Dan,Dinkin,Linet,Daubeny
100530,Minta,Gianneschi,18/10/2017,Female,Hammad,Rolin,Tobey,O'Cleary
100531,Any,Terney,10/09/2014,Bigender,Arnaldo,Kropach,Jorie,Osborn
100532,Adel,Leathe,19/05/2018,Female,Ly,Lewsy,Gray,Lotterington
100533,Gerta,Bosman,19/02/2006,Polygender,Feodor,Merrill,Cate,Pitone
100534,Sher,Tansley,06/10/2010,Female,Sterling,Gartshore,Konstanze,Espy
100535,Cy,Joan,13/12/2007,Agender,Drud,Drinkale,Athene,Ledekker
100536,Viki,McHan,21/08/2012,Genderqueer,Alejoa,Oxx,Madeleine,Heigl
100537,Noak,Spellar,18/12/2020,Bigender,Jason,Beeble,Marnia,Simonel
100538,Florri,Evamy,20/06/2020,Genderqueer,Clare,Skillman,Maritsa,Stockney
100539,Herve,Reeken,23/08/2008,Non-binary,Ramsey,Cosin,Alyse,Freen
100540,Mandie,Coppeard,09/05/2014,Male,Marmaduke,MacCallester,Jolee,Vasilchikov
100541,Clevie,Sibley,12/10/2020,Bigender,Anson,Cleen,Kaitlynn,Battle
100542,Ansel,Filipyev,21/04/2005,Genderfluid,Skipper,Stuer,Minni,Chessel
100543,Inglis,Shird,20/10/2009,Female,Henderson,Irvin,Toma,Tower
100544,Gwennie,Donson,29/09/2019,Agender,Corty,Cullum,Ailene,Spawton
100545,Mel,Wrench,13/02/2008,Genderfluid,Bartolomeo,Leschelle,Barb,Lockhart
100546,Coretta,Rabley,22/03/2007,Genderqueer,Izzy,Muldowney,Batsheva,Cayford
100547,Pepi,Sabberton,06/03/2006,Non-binary,Ezechiel,Berndt,Jasmina,Cowup
100548,Janna,Handrek,29/09/2006,Bigender,Davidde,Petras,Lacie,Gerriessen
100549,Humphrey,Gurdon,01/04/2012,Genderqueer,Tallie,Brownsey,Jaquelyn,Seabon
100550,Kakalina,Pearle,26/11/2006,Female,Rutter,Brindle,Tabbatha,De Gregoli
100551,Murdoch,Fitkin,16/09/2016,Polygender,Tynan,Vergine,Ronnica,Faircliffe
100552,Tybalt,Napoleone,16/09/2014,Male,Nollie,Finlay,Ynez,Fawlkes
100553,Obidiah,Cheasman,11/12/2015,Bigender,Efrem,Reisenberg,Estrellita,Blankenship
100554,Zechariah,MacIlurick,27/09/2018,Male,Wright,Scripture,Salome,Maffioni
100555,Willyt,Louw,16/08/2008,Non-binary,Pincas,Bladge,Silvie,Margetson
100556,Otho,Gietz,05/12/2009,Female,Svend,Rickersy,Caria,Debrick
100557,Kerwin,Kobu,25/11/2012,Agender,Germaine,Hyne,Corena,Julyan
100558,Karine,Gauch,16/10/2006,Female,Andrey,Giacomucci,Anabella,Loins
100559,Kora,Jeans,15/10/2007,Agender,Symon,Girkin,Michel,Stable
100560,Jamal,Goulder,21/04/2008,Non-binary,Lew,Spivey,Kippy,Lennox
100561,Yalonda,Karlowicz,17/05/2006,Genderfluid,Terri,Jest,Eirena,Phythien
100562,Meyer,Dodshon,01/12/2007,Agender,Darnall,Bernardin,Ansley,Evenden
100563,Babette,Gallamore,11/05/2018,Genderfluid,Tucky,Parkman,Cathyleen,MacNeill
100564,Florencia,Gwinnel,29/09/2020,Male,Bear,Ambrogioni,Melonie,Croston
100565,Monte,Lindenbaum,26/12/2015,Genderfluid,Bartlet,Kopecka,Lacey,Wharf
100566,Florie,Keele,12/04/2017,Bigender,Rogerio,Arpe,Rodie,Toombes
100567,Jakie,Decayette,08/02/2011,Bigender,Heywood,Spinney,Anitra,Spyby
100568,Bil,Asple,22/03/2015,Non-binary,Dieter,Saffin,Vevay,McGrail
100569,Jarret,Lutzmann,21/04/2010,Polygender,Tye,Bearn,Deirdre,Heinsen
100570,Wynnie,Akaster,04/05/2009,Non-binary,Neel,Batrip,Celestyna,Piercy
100571,Nichol,Andrys,16/07/2017,Agender,Raoul,Hampe,Jacqui,Asch
100572,Rabi,Baus,19/07/2011,Genderqueer,Ginger,Erdes,Selinda,Youde
100573,Gram,Davage,19/07/2007,Female,Benito,Pietrzak,Randi,Bouchier
100574,Nariko,Shallcrass,24/09/2007,Polygender,Garvin,Canland,Nedda,Vescovini
100575,Marijo,MacDunlevy,21/11/2012,Bigender,Mannie,Hillatt,Kevyn,Grinnikov
100576,Christoffer,Wareing,30/06/2019,Genderqueer,Brandtr,Wreford,Sophey,Everix
100577,Jazmin,Wentworth,15/12/2010,Non-binary,Goober,Brotherton,Gerianna,Wilfing
100578,Susie,Kabsch,03/05/2008,Genderqueer,Bord,Frantsev,Lacey,Medway
100579,Meg,Kroger,26/07/2013,Genderfluid,Hussein,Gothard,Charissa,Voase
100580,Rafaelia,Copper,01/07/2008,Non-binary,Stanfield,Cammis,Electra,Olsson
100581,Timmie,Beaglehole,24/10/2016,Female,Bastian,Colhoun,Sue,Gurrado
100582,Nani,Garfit,14/03/2008,Non-binary,Manfred,Enever,Katharyn,Stainfield
100583,Renaud,Plott,23/03/2011,Female,Brandon,Mandifield,Sharla,Severy
100584,Andrea,Acland,27/07/2008,Male,Balduin,Keysel,Annie,Flitcroft
100585,Cleveland,Pull,08/05/2016,Female,Sam,Francke,Kellyann,Insoll
100586,Ethel,Lashford,14/06/2017,Female,Lyman,Natt,Caroljean,Robardet
100587,Moritz,McGarvey,19/02/2009,Non-binary,Shea,Gebuhr,Philis,Finnick
100588,Martie,Nacci,31/05/2009,Bigender,Aubrey,Thickpenny,Lorrayne,Cordes
100589,Davide,Meys,18/07/2011,Non-binary,Humberto,McDermott,Zahara,Marthen
100590,Appolonia,Sandyfirth,30/11/2010,Non-binary,Petr,De Bernardi,Franni,Epilet
100591,Lazare,Pothbury,08/05/2011,Bigender,Nikolas,Horsell,Joanna,Charlesworth
100592,Manny,Cuardall,23/06/2020,Genderqueer,Kory,Bernadot,Gracia,Seargeant
100593,Brantley,Simms,15/07/2010,Bigender,Neville,Gilffilland,Kamilah,Berzons
100594,Moe,Goozee,30/12/2009,Polygender,Melvin,Hanington,Rosette,Fordyce
100595,Wyndham,Aspling,19/04/2005,Male,Paddie,Bowdidge,Zoe,Wigzell
100596,Phedra,Nottingham,09/10/2007,Genderfluid,Hilly,Wones,Elisha,Flear
100597,Aimee,Medlicott,15/02/2014,Non-binary,Patin,Jaycox,Lenore,Abelovitz
100598,Willamina,Attwill,22/08/2008,Polygender,Glen,Dewane,Rachel,Brigdale
100599,Abeu,Norker,20/01/2007,Genderfluid,Antons,Topaz,Elonore,Deniset
100600,Shell,Dalgarno,06/06/2017,Polygender,Husain,Ashard,Willi,Snibson
100601,Leann,Filyashin,15/03/2011,Agender,Barris,Popham,Naomi,Churchlow
100602,Mischa,MacAfee,15/03/2009,Agender,Ingemar,Nucci,Winona,Maggorini
100603,Corabelle,Barthrop,05/09/2016,Female,Esra,Scadden,Stormy,Fairfull
100604,Rene,Couve,09/12/2017,Female,Hart,Osgardby,Bibi,Romei
100605,Barri,Elstob,21/03/2017,Agender,Caspar,Dibdale,Clovis,Crabbe
100606,Beulah,Tarquini,04/09/2019,Bigender,Brant,Hardson,Sheryl,Dudderidge
100607,Francklyn,McCoid,14/01/2016,Non-binary,Ev,McCourt,Lotti,Fernie
100608,Joachim,Ballendine,26/10/2012,Genderfluid,Stern,Bowland,Ainslee,Mangenet
100609,Valentine,Izachik,04/12/2015,Bigender,Gaelan,Scamerdine,Eugenia,Wrist
100610,Tremaine,Coy,15/02/2018,Male,Shurlock,Stinchcombe,Adina,Martynikhin
100611,Yvor,Eggerton,01/05/2014,Male,Elihu,Jindrich,Danette,Putland
100612,Barbabas,Dillow,03/02/2018,Agender,Roldan,Remon,Amity,Gashion
100613,Sayre,Audenis,05/05/2019,Non-binary,Ernie,Grunnill,Charmain,Bambery
100614,Darrick,Orteu,27/11/2016,Agender,Raynard,Slemmonds,Libbi,Brotheridge
100615,Dennis,Collinge,09/10/2020,Bigender,Foster,Thom,Rori,Maken
100616,Silvain,Goldie,13/02/2018,Genderfluid,Lancelot,Fryers,Allys,Manton
100617,Reinaldos,Grandisson,10/03/2016,Male,Alexandros,Trengrove,Carline,Ingerson
100618,Roslyn,Daoust,29/06/2018,Agender,Aldus,Patemore,Mildred,Verriour
100619,Mycah,Hawkwood,06/11/2019,Non-binary,Smith,Knapper,Noelyn,Allison
100620,Maurine,Frandsen,16/02/2016,Agender,Zachary,Podd,Elna,Enoksson
100621,Torrie,Brehat,17/07/2015,Male,Abey,Goodall,Lizbeth,Shewsmith
100622,Ruthie,Birtley,30/05/2020,Agender,Skipper,Duesberry,Yoshiko,Scatchar
100623,Kristel,Willimott,23/04/2010,Female,Zelig,Ortega,Fernande,Abisetti
100624,Kacie,Roxbrough,09/03/2014,Non-binary,Linus,Barbier,Emlynn,Extil
100625,Hashim,Loxston,04/10/2018,Bigender,Elwin,Crasford,Ebba,Windham
100626,Nicol,Volkes,24/10/2014,Genderqueer,Ebenezer,Cowell,Zaria,Whiteson
100627,Ronna,Wiffill,30/12/2019,Genderfluid,Stirling,Gritskov,Mikaela,Townshend
100628,Avictor,Pendock,29/08/2013,Non-binary,Toddie,Howett,Vale,Bernholt
100629,Cordie,Farnish,19/10/2013,Male,Mathian,Marrow,Ceil,Wyldish
100630,Val,Goulthorp,04/09/2020,Polygender,Josh,Bartrum,Maritsa,MacKnocker
100631,Erroll,Guinn,27/07/2012,Genderfluid,Clerkclaude,Exall,Maribel,Danev
100632,Octavia,Gianasi,09/11/2017,Polygender,Artur,Breit,Daryl,Begwell
100633,Estrella,Challens,05/06/2019,Genderfluid,Yankee,Coils,Christian,Metson
100634,Kenton,Caush,30/01/2012,Bigender,Aldis,Fonte,Luelle,Whitmarsh
100635,Ardelis,Stilgoe,31/08/2007,Genderfluid,Henry,Nickless,Lilia,Synnott
100636,Thadeus,Howles,09/08/2013,Polygender,Cameron,Newby,Kippy,Mariette
100637,Bear,Moggle,26/11/2007,Non-binary,Parrnell,McKeveney,Cassie,Lill
100638,Mose,Korlat,22/05/2010,Polygender,Merill,Adamsen,Lethia,Allsworth
100639,Cristi,Wann,09/04/2017,Bigender,Cleve,Kolodziej,Leone,Kesby
100640,Petronille,Macallam,15/01/2020,Male,Sig,Mallia,Sharity,Dickons
100641,Daniel,Canario,06/01/2018,Agender,Aurthur,Spender,Sibley,Bratty
100642,Ludovika,Pettet,01/05/2010,Genderfluid,Kippy,Irvine,Ursula,Galey
100643,Bordy,Fitzharris,01/03/2008,Genderqueer,Graham,Laydel,Marylin,Clemente
100644,Abner,Quilter,14/09/2019,Genderqueer,Don,Bleackley,Melanie,Schimonek
100645,Terrill,Simmig,12/09/2019,Female,Nial,Tacker,Amanda,Bock
100646,Gunther,Greenlees,02/06/2015,Polygender,Richart,Dat,Minetta,Goggan
100647,Jerald,Litt,30/04/2013,Male,Jaye,Edy,Hyacintha,Jinkin
100648,Elias,Ovett,19/12/2014,Polygender,Barnabas,Gurney,Sibeal,De Vaan
100649,Walt,Matuska,01/02/2010,Genderqueer,Camey,Bruyntjes,Shoshanna,Graddell
100650,Arne,Verna,06/03/2017,Genderqueer,Gradey,Treneman,Merrielle,Solomon
100651,Beverley,O'Nowlan,23/02/2010,Polygender,Kain,Mabee,Ranee,Borges
100652,Durant,Jentgens,20/11/2013,Agender,Barret,Curthoys,Vale,Verrall
100653,Kaylee,Rosewell,24/09/2005,Non-binary,Albrecht,Bearcroft,Delcina,Mattioli
100654,Sergio,Morton,12/08/2012,Polygender,Colas,Petrol,Mira,Plinck
100655,Ailene,Gillott,06/11/2020,Genderfluid,Germain,Gellert,Meghann,Matfield
100656,Christabel,Pactat,23/08/2018,Genderqueer,Giselbert,Eversley,Briny,Pannaman
100657,Linzy,Usborn,20/10/2015,Genderqueer,Evelyn,Fury,Antonietta,Kinney
100658,Harcourt,Coupe,01/08/2016,Female,Valentin,Iacomi,Dael,Creech
100659,Orton,Ridgeway,24/12/2011,Female,Raynard,Keaton,Kathryn,Mont
100660,Palm,La Batie,15/09/2016,Genderfluid,Glen,Djurevic,Shirl,Baldin
100661,Barbara-anne,Pitkeathly,07/11/2017,Bigender,Sid,Sellman,Neda,Robard
100662,Lexis,Maciunas,10/05/2012,Polygender,Si,Heatly,Davina,Vick
100663,Ilse,Attiwill,07/10/2010,Agender,Baxy,Pasque,Lydia,Feitosa
100664,Cynde,Ceschini,11/07/2013,Bigender,Felicio,Flintoft,Linea,Loughead
100665,Gardy,Antyshev,20/03/2010,Male,Clement,Kamall,Nollie,Astill
100666,Filberte,Ketchell,09/02/2017,Genderfluid,Marcel,Rispin,Lyndsay,Spurdens
100667,Bobby,Poynzer,02/04/2013,Male,Hayes,Kolak,Dasi,Freen
100668,Bettye,Maypother,01/02/2009,Female,Ashbey,Racher,Rosalinda,Simonini
100669,Erek,Cordes,05/02/2020,Agender,Cross,Trevna,Nana,Lubeck
100670,Lora,Swinnard,23/07/2018,Female,Lorens,Morratt,Elisabetta,Schelle
100671,Darius,Arnell,23/06/2017,Female,Peyton,Breznovic,Cleo,Ferran
100672,Cathee,Merkel,16/04/2012,Male,Pren,Beart,Pennie,Ricardot
100673,Kippie,Cordy,11/10/2011,Bigender,Gaspard,Jolliff,Laverna,Savory
100674,Kiel,McKeran,20/02/2019,Genderqueer,Araldo,Laviss,Babbette,Cesco
100675,Maighdiln,Bosse,28/06/2005,Female,Niven,Liddiatt,Pauly,Sayers
100676,Dede,Strevens,25/04/2018,Male,Elwood,De Angelis,Genvieve,Novello
100677,Jennifer,Bignold,20/03/2005,Male,Thaine,Walthew,Evvie,Bradnum
100678,Ronald,Pays,06/11/2014,Bigender,Dietrich,Tether,Betteanne,Lumbly
100679,Lila,Cancott,25/03/2013,Genderqueer,Pren,Tansley,Kristi,Neighbour
100680,Kamillah,Portis,07/05/2018,Polygender,Huntley,O'Canavan,Benita,Gomby
100681,Annis,Rampage,21/06/2019,Agender,Bond,Van Salzberger,Arluene,Battell
100682,Erina,Haggett,04/11/2013,Bigender,Huntington,Peeke,Franny,Abraham
100683,Elene,Bouttell,10/04/2018,Polygender,Chen,Melchior,Magdalen,Murney
100684,Nicko,Cummine,28/11/2011,Genderqueer,Jeddy,Last,Hermine,Morot
100685,Falito,Plaide,31/08/2017,Genderfluid,Guss,Bonnaire,Chloette,Girardez
100686,Adelbert,Whelband,05/04/2009,Female,Abeu,Loos,Junina,McGillivrie
100687,Erinn,Mallen,21/08/2018,Female,Tobin,Carbonell,Jaine,Rudd
100688,Stavros,Houldcroft,29/10/2015,Female,Esme,Kiddy,Nertie,Dabell
100689,Frederique,Cobbold,26/01/2014,Non-binary,Chester,Fronzek,Helenka,Frid
100690,Jocko,Clynman,25/01/2010,Bigender,Rad,Lamburne,Lib,Vittery
100691,Errol,Lauks,08/05/2007,Male,Gail,Asty,Prudi,Comoletti
100692,Jarrod,Cheyenne,20/11/2016,Female,Keir,Gabbatiss,Star,Clemmow
100693,Kristy,Leonard,22/07/2012,Agender,Shepard,Kevern,Andie,Collinge
100694,Zorina,Dering,17/03/2020,Polygender,Forbes,Fowkes,Sibyl,McLane
100695,Sansone,Aime,20/06/2009,Female,Bord,Knok,Florella,Mullender
100696,Chrotoem,Bonfield,29/09/2018,Agender,Farlie,Stollard,Clarita,Vokins
100697,Wait,Flamank,01/09/2010,Polygender,Enrique,Dilks,Florance,Houlden
100698,Garvy,Betke,01/02/2018,Bigender,Marcellus,Haistwell,Verla,Sturm
100699,Addy,Lacey,15/08/2005,Male,Shermy,Botting,Calla,Kenningham
100700,Dorie,Wandrack,27/09/2008,Genderqueer,Samuele,Jennery,Maurizia,Juste
100701,Noni,Garm,01/03/2018,Bigender,Clayton,Smolan,Erina,Edmed
100702,Dagmar,Forsaith,20/11/2013,Genderfluid,Marv,Calderonello,Bridget,Sauven
100703,Wrennie,Nevet,15/07/2007,Non-binary,Lindy,MacCague,Bobina,Farenden
100704,Oralia,Pidgeley,07/03/2010,Genderfluid,Sebastian,Grice,Kip,Andrewartha
100705,Fran,Lewsam,27/02/2015,Agender,Jefferson,Domotor,Roseanne,Stronack
100706,Garland,Frank,07/12/2019,Genderqueer,Dani,Petheridge,Cherida,Thirsk
100707,Dicky,Bigham,01/03/2006,Agender,Tomlin,Byne,Mariam,Corder
100708,Hyacinthe,Comins,22/10/2016,Polygender,Myca,Hofner,Caralie,Pauling
100709,Wilburt,Shelf,17/03/2017,Male,Martino,Shyres,Marrilee,Kitchingham
100710,Alia,Blasgen,31/10/2014,Non-binary,Claudianus,Girth,Kalindi,Snar
100711,Rianon,Kaemena,09/01/2019,Polygender,Rolando,Goering,Morna,Stroobant
100712,Blithe,Quernel,22/05/2015,Genderqueer,Jozef,Featherstone,Arleen,Grimsdell
100713,Susi,Easson,09/11/2006,Non-binary,Farrel,O'Hoolahan,Wendye,Shmyr
100714,Renelle,Purkess,12/04/2006,Genderqueer,Hershel,Sambidge,Malina,Cadore
100715,Brook,Senter,08/01/2007,Female,Udale,Wenderoth,Magdaia,Maharry
100716,Henryetta,Levane,30/08/2009,Agender,Willie,Ionnisian,Georgia,Townby
100717,Savina,Claffey,05/01/2014,Genderfluid,Bertie,Kehir,Viviene,Pumfrey
100718,Nadean,Onele,21/01/2018,Genderfluid,Pattin,Insoll,Brianna,Bente
100719,Alexei,Malbon,09/12/2005,Polygender,Egor,Loan,Isadora,Buckleigh
100720,Suzanna,Petche,05/05/2020,Genderfluid,Arie,Wedon,Norene,Allen
100721,Yelena,Glisane,21/09/2013,Agender,Peirce,Valentine,Laurice,Iley
100722,Calhoun,Coysh,02/11/2009,Agender,Raddy,Ducaen,Kipp,McGlue
100723,Isaiah,Turpey,16/04/2018,Male,Bartholomeus,Dredge,Danita,Coper
100724,Judas,Lougheed,27/03/2005,Genderqueer,Mendel,Halworth,Colline,Pillman
100725,Gusella,Marques,26/09/2006,Female,Vidovik,Wreford,Gerri,Burbage
100726,Alanah,Sollitt,04/01/2009,Genderfluid,Issiah,Grigaut,Linnie,Wetherell
100727,Jaquelin,M'Quharge,01/07/2011,Genderfluid,Fonz,Capponeer,Susy,Akred
100728,Vladimir,Fairlie,01/12/2016,Genderqueer,Alessandro,Foan,Almeda,Peiser
100729,Karry,Galbraith,08/11/2013,Genderfluid,Homer,Sang,Thalia,Gheeraert
100730,Florry,Jeavons,26/05/2019,Male,Rutherford,Thonger,Rebecca,Handrik
100731,Eugenia,Lokier,04/02/2007,Genderqueer,Clim,Bransdon,Kari,Isenor
100732,Leia,Gensavage,10/07/2009,Genderqueer,Wakefield,Ricks,Larine,MacCheyne
100733,Kylila,Boards,11/11/2008,Genderqueer,Basil,Hearne,Shela,Windham
100734,Conny,Windley,20/04/2005,Bigender,Elijah,Besset,Kimmi,Hessle
100735,Kim,Simka,30/11/2013,Non-binary,Sarge,Beards,Edith,Klimushev
100736,Perren,Cummine,04/02/2018,Non-binary,Lowrance,McQuorkel,Kippy,Pauletto
100737,Jyoti,Wheeliker,22/03/2010,Male,Gabriel,Ewbank,Martguerita,Klimov
100738,Dave,Asbery,05/05/2013,Agender,Herb,McKitterick,Kizzee,Peyto
100739,Kirsteni,O' Finan,10/09/2008,Bigender,Clemmy,Catley,Aleta,Steuart
100740,Hendrika,Leckie,26/04/2008,Male,Lloyd,Portman,Nance,Desquesnes
100741,Anderea,Gunningham,12/03/2020,Non-binary,Penn,Spuffard,Kania,Strognell
100742,Halie,Simonian,09/01/2016,Genderfluid,Ruperto,Nucator,Celina,Shillito
100743,Gill,Gaydon,09/07/2015,Male,Lorry,Crannage,Nicola,Marte
100744,Vincenz,Cod,01/05/2018,Polygender,Kristoforo,Poad,Corinne,Kinsley
100745,Park,Dow,14/10/2017,Genderqueer,Aube,Carnson,Cyndie,Whisker
100746,Grannie,Pabelik,04/07/2017,Genderqueer,Svend,Amiable,Sherie,Jansson
100747,Zack,Davio,16/05/2013,Genderqueer,Merill,Caddies,Sally,Sapson
100748,Lacee,Doreward,26/02/2019,Genderqueer,Forrester,Vaadeland,Leonore,Gaylor
100749,Ivar,Spurling,29/09/2020,Non-binary,Ramsey,Moxstead,Jamima,Rieger
100750,Uta,Cutting,05/10/2015,Female,Alaster,Hamshere,Susanetta,Huddy
100751,Heddi,Iddy,19/08/2008,Non-binary,Theodore,Ridding,Cristina,Grundy
100752,Petronille,McIllrick,01/08/2009,Bigender,Elia,Ebenezer,Bernita,Barke
100753,Thorny,Bog,12/04/2017,Bigender,Stavros,Taylour,Ginevra,McLarens
100754,Cristina,Touson,07/05/2014,Male,Alexandros,Blair,Lyn,Wallage
100755,Cameron,Lopes,04/04/2005,Bigender,Colan,Ramsier,Guinevere,Hymans
100756,Jelene,Liggons,16/06/2018,Bigender,Cello,Griffitt,Leelah,Rossi
100757,Nelly,Christol,26/05/2017,Agender,Herold,Broadbent,Jacky,Teck
100758,Pyotr,Carsey,04/03/2008,Polygender,Wash,Seabourne,Tara,Meritt
100759,Brenda,McGrah,01/10/2011,Female,Bald,Pudsey,Kippie,Carragher
100760,Dew,Koppe,03/11/2013,Genderfluid,Damon,Somerled,Florentia,Immer
100761,Janaya,Schneidau,26/06/2008,Non-binary,Talbot,Eddow,Inez,Cheltnam
100762,Kippy,Bukowski,28/02/2007,Bigender,Andres,Velasquez,Lark,Antic
100763,Fiona,Pinar,04/06/2013,Bigender,Gardie,Carlton,Nertie,Beacom
100764,Tedra,Rodenburgh,10/06/2007,Agender,Hillyer,Pedley,Eddy,Coger
100765,Emlyn,Zorzetti,05/05/2012,Bigender,Felipe,Vel,Morna,Clayworth
100766,Rhett,Mark,07/01/2013,Genderfluid,Edsel,Peagrim,Nicolina,Ast
100767,Verna,Hartness,26/12/2019,Agender,Cointon,Pickthorne,Sharona,Racher
100768,Dannel,Davydoch,25/11/2012,Genderfluid,Emelen,Longthorne,Hollie,Metzing
100769,Lesley,Gath,20/07/2015,Genderqueer,Chevy,Santer,Sharia,Fetherstonhaugh
100770,Melvin,Oldham,02/08/2017,Genderqueer,Janos,Kanter,Ethelin,Bellenie
100771,Moyra,Summerbell,24/09/2011,Male,Bart,Leydon,Melina,Sylett
100772,Waly,Duker,28/05/2013,Genderqueer,Ulysses,Jochens,Persis,Castelain
100773,Winston,Minty,04/09/2008,Bigender,Riobard,Fitter,Candice,Lipscombe
100774,Ursa,Brand,16/03/2005,Polygender,Araldo,Stieger,Koren,Pack
100775,Wenonah,Pietri,02/01/2013,Bigender,Zebulon,Gwatkin,Hilde,Turbern
100776,Jamison,Biaggiotti,03/04/2010,Female,Kinsley,Gorioli,Gabriella,Hurley
100777,Tiebold,St Ange,18/06/2014,Female,Kinsley,Di Lucia,Carilyn,Atwel
100778,Donelle,Cullagh,07/10/2014,Non-binary,Peder,McTrustam,Eleanor,Arnould
100779,Steve,Solano,20/07/2020,Genderqueer,Amby,Curee,Bess,Wohlers
100780,Dur,Hulkes,10/05/2009,Male,Hammad,Ekins,Ebonee,Russilll
100781,Corliss,Cartan,17/08/2008,Genderfluid,Griffie,Dureden,Zara,Howie
100782,Shel,Routham,06/09/2012,Male,Dougie,Smitton,Lyndsie,Ropkes
100783,Jonathon,Dowdell,29/10/2015,Genderqueer,Sherwynd,Reddie,Joceline,Ratcliffe
100784,Winna,Meynell,29/04/2018,Genderqueer,Trenton,Dougill,Heida,Hynam
100785,Branden,Tilt,27/05/2005,Male,Archibold,Hudson,Shalne,Parlatt
100786,Imogen,Chotty,14/07/2015,Male,Mackenzie,Kilmurry,Shelia,Boakes
100787,Jamima,Footer,27/06/2005,Bigender,Pierre,Beekmann,Cheslie,Wedge
100788,Marven,Waddingham,28/01/2009,Agender,Cosme,Lambrick,Lu,Phippen
100789,Luciana,Norman,21/02/2017,Bigender,Mortimer,Please,Cherey,Hevey
100790,Crista,Woodyer,10/12/2019,Genderqueer,Federico,Harpur,Trenna,Caldaro
100791,Barbra,Fishby,11/08/2018,Bigender,Dillie,Gradly,Agatha,Giacomazzo
100792,Hazel,Bohike,08/12/2014,Non-binary,Loy,Cane,Anabella,Stamps
100793,Dallis,Coghlan,23/04/2010,Bigender,Ellwood,Novelli,Timmie,Gencke
100794,Carolyne,Smees,08/12/2019,Male,Alfredo,Forgie,Susette,Liddicoat
100795,Sayers,Greatbanks,06/02/2016,Genderqueer,Constantine,Rowbotham,Clem,Furnival
100796,Correy,Doddridge,06/12/2009,Genderfluid,Claiborn,Girone,Sherrie,Kersaw
100797,Pepito,Argente,15/07/2014,Genderqueer,Demetris,Bienvenu,Aurelia,Milkeham
100798,Margarete,Cobbing,18/09/2018,Bigender,Jase,Monkhouse,Hinda,Blore
100799,Donetta,Mateos,25/04/2013,Female,Alejandro,Vogl,Fae,Fergie
100800,Vassili,Piner,27/04/2005,Polygender,Sandro,Tomaselli,Anjanette,Yitzovitz
100801,Bradley,Maunders,29/04/2009,Polygender,Jeth,Cutmere,Betteann,Anderton
100802,Hersch,Durnford,24/09/2018,Male,Willi,Pomery,Joyous,Burner
100803,Kort,Soppett,14/12/2018,Polygender,Northrup,Anyene,Tina,Fortnum
100804,Henrieta,Dmiterko,04/06/2018,Polygender,Donalt,Houten,Marline,Aime
100805,Kalina,Hacker,12/05/2019,Female,Ahmad,McKelvey,Rhodie,Alkins
100806,Madelene,Elcombe,16/10/2016,Male,Berkly,Janjusevic,Carlyn,Cardenoso
100807,Nichole,Khalid,10/01/2010,Agender,Templeton,Gianninotti,Mariellen,Paulazzi
100808,Caye,Frisel,31/08/2020,Male,Welch,McGee,Hyacinthia,Stringman
100809,Lodovico,Harbard,24/08/2012,Polygender,Grove,Saltrese,Oralee,Frankes
100810,Kevyn,McCrie,21/06/2006,Female,Amery,Leveritt,Roze,Legier
100811,Agathe,Rappoport,10/09/2010,Female,Gallagher,Lattos,Giorgia,Nassy
100812,Filide,Aldred,02/05/2018,Male,Sergent,Lambertz,Giulia,McPhater
100813,Graham,Late,10/12/2019,Male,Mitchael,Lathwell,Halli,Dysert
100814,Dmitri,Aspling,19/06/2007,Polygender,Bill,Vick,Valene,Sallnow
100815,Wallas,McCaughren,15/12/2009,Polygender,Heinrik,Hannaby,Penni,Le Houx
100816,Harris,McShee,13/10/2011,Non-binary,Weylin,Challis,Cloe,Brunt
100817,Iormina,Leteurtre,07/01/2017,Bigender,Tom,Dingle,Gwendolyn,Dunbleton
100818,Suzie,Ipsgrave,04/09/2017,Polygender,Jedd,Beseke,Penni,Godley
100819,Hannah,MacPhee,24/01/2012,Genderfluid,Monro,Sawle,Kathye,Delamere
100820,Myra,Boyn,09/09/2019,Non-binary,Worthington,Vogeler,Dulce,Chesser
100821,Imojean,McPhaden,27/11/2013,Agender,Uriel,Backshaw,Lauryn,Slora
100822,Urbano,Langeren,14/05/2010,Bigender,Dennis,Callard,Allegra,Razoux
100823,Lind,Cruden,23/05/2010,Genderqueer,Liam,McQuaide,Crystal,Klulik
100824,Arthur,Taplin,07/03/2005,Polygender,Web,Temperley,Clemence,Leishman
100825,Yardley,Bounds,27/01/2006,Agender,Mauricio,Rouff,Gay,Peterken
100826,Mareah,Beausang,07/09/2014,Male,Mathias,Wearne,Lorianna,Simounet
100827,Tedd,L'Homme,30/03/2013,Genderqueer,Thornie,Dudney,Dorene,Lapthorne
100828,Almeta,Jedrys,26/10/2017,Female,Orbadiah,Smaridge,Petronia,De la Yglesia
100829,Nonna,Parkisson,14/02/2019,Genderqueer,Melvyn,Douglass,Emelda,Loutheane
100830,Torre,Kremer,12/03/2007,Genderqueer,Fredek,Gauchier,Larissa,Ragat
100831,Murdoch,Tills,04/06/2017,Non-binary,Gabby,Mabbot,Caroline,Ibeson
100832,Lewes,Leahair,24/12/2017,Genderqueer,Theo,Montez,Kellia,Scopes
100833,Herta,Oiseau,15/02/2014,Genderqueer,Urbain,Sibbit,Essy,Armit
100834,Tiphany,Dabinett,18/09/2017,Agender,Bronny,Cornforth,Deidre,Curton
100835,Conni,Eglington,14/05/2015,Bigender,Bern,Posen,Eddy,Handasyde
100836,Neron,Corkitt,31/12/2006,Bigender,Bendicty,Gilbey,Dayna,Dreng
100837,Alethea,Bamlet,22/05/2018,Female,Matty,Riddiford,Marnia,Connell
100838,Celinka,Bonhome,01/06/2012,Genderqueer,Werner,Giotto,Caty,Cullnean
100839,Emera,Tatteshall,11/10/2014,Male,Chev,Gonnin,Fredelia,Rudsdell
100840,Reyna,Galtone,25/03/2015,Bigender,Rutter,Wassell,Kayley,Cherrington
100841,Tamqrah,Borgnol,23/06/2020,Non-binary,Broddie,Campelli,Margette,Oley
100842,Hetty,Derkes,05/10/2005,Non-binary,Kenon,de la Valette Parisot,Rici,Garrattley
100843,Jobie,Fitzsimon,21/10/2012,Agender,Garwood,Fidele,Rona,Bambra
100844,Tressa,Rawson,30/06/2007,Agender,Johann,Itzchaky,Gabbie,Fosberry
100845,Gussie,Kilmurry,20/01/2008,Bigender,Cletis,Konmann,Abbey,Leftley
100846,Demetria,Milley,06/05/2012,Bigender,Haskel,Northbridge,Coriss,Jurgenson
100847,Wanids,Bollon,02/08/2009,Genderfluid,Clemmy,Stealy,Dawna,Chamberlayne
100848,Aland,Bonett,15/05/2013,Genderfluid,Gaspard,Everill,Kandy,Kowalski
100849,Kristos,Trafford,10/01/2012,Genderqueer,Levi,Gotmann,Justine,Matson
100850,Lilith,Cuncliffe,13/08/2005,Female,Leonardo,Ogilby,Lucille,McCahill
100851,Ware,Ashurst,18/06/2014,Agender,Patin,Maidens,Daveta,Dockery
100852,Dot,Wager,10/05/2017,Genderfluid,Osbert,Syddall,Vida,Vasenin
100853,Mei,Wavell,24/06/2005,Male,Marcos,Cluse,Livvy,Sweeting
100854,Elysha,Cutchey,11/03/2006,Agender,Howie,Asey,Rebecca,O'Harney
100855,Adelbert,Bosher,16/10/2018,Agender,Pieter,Jakubczyk,Roanna,Kenson
100856,Leonie,Camous,05/01/2008,Female,Vince,Godbold,Jami,Braunfeld
100857,Anallise,Kohnert,17/06/2005,Bigender,Winston,Gallally,Roanna,Earnshaw
100858,Sanford,Nowakowska,12/10/2012,Non-binary,Abelard,Daniels,Rodie,Milliken
100859,Miner,Caddan,14/12/2013,Male,Corbet,Murt,Dreddy,Million
100860,Carina,Tompkinson,02/05/2011,Non-binary,Sanson,Vallintine,Lindsay,Kirwood
100861,Clare,Dilke,05/04/2010,Genderqueer,Scarface,Andren,Loreen,Ondrasek
100862,Chicky,Bolzen,03/03/2015,Bigender,Jamil,Jarrelt,Kelcey,Dunphie
100863,Julian,Minthorpe,21/09/2017,Genderfluid,Mitch,Christin,Frannie,Fissenden
100864,Brok,Leathers,04/03/2017,Genderqueer,Mikael,Simacek,Brook,McNaught
100865,Dael,Ebsworth,11/05/2011,Genderfluid,Marve,Painswick,Florrie,Farey
100866,Tessi,Regorz,22/08/2009,Agender,Eduardo,Lindhe,Josephina,Sainte Paul
100867,Kath,Gidman,28/04/2014,Male,Cortie,Brightwell,Margy,Reynoollds
100868,Waring,Bourley,20/03/2018,Male,Lane,Rosi,Cyndi,Treeby
100869,Jeffy,Holsall,25/01/2019,Genderfluid,Alfonse,Ishchenko,Wandie,Munns
100870,Sylvia,Yellowlees,04/07/2012,Genderfluid,Agustin,Bernardet,Christabel,Webberley
100871,Annabell,Wingar,22/09/2012,Non-binary,Kliment,Van Baaren,Esme,Pilmore
100872,Devlin,Crawshaw,20/01/2015,Polygender,Killy,Cunliffe,Harrietta,Chasteau
100873,Prinz,Alexandrou,27/09/2019,Female,Michail,Fanstone,Ronna,Lalley
100874,Darla,Hiddsley,07/08/2007,Bigender,Yvor,Myton,Lyssa,Wainscot
100875,Christine,Kerfut,23/03/2019,Non-binary,Gray,Etuck,Anetta,Tuxsell
100876,Galven,Ruddlesden,29/01/2006,Bigender,Marcello,Cuffe,Mollie,Bullman
100877,Corty,Hanwright,13/02/2012,Genderqueer,Everett,Gandy,Jacquie,Nanninini
100878,Bobbe,Pahlsson,14/11/2007,Agender,Lief,Werlock,Laney,Iwanowski
100879,Trueman,Pettis,17/12/2016,Polygender,Steve,Yemm,Adria,Coatman
100880,Lois,Pes,12/06/2011,Agender,Tristam,Fockes,Camille,Piken
100881,Averell,O'Malley,20/08/2020,Genderfluid,Corrie,Woakes,Gleda,Slimmon
100882,Pauline,Brahm,20/04/2013,Non-binary,Courtnay,Lewens,Marrissa,Grigoire
100883,Ally,Josselsohn,13/03/2010,Agender,Etienne,Chavrin,Maribel,Stuck
100884,Chris,Reignould,02/02/2016,Polygender,Normie,Leehane,Dorolisa,Fragino
100885,Ardenia,Barkworth,13/08/2009,Female,Rafi,Woolstenholmes,Britni,McLanachan
100886,Darrick,Maffetti,06/08/2013,Genderqueer,Hubert,Dearlove,Marlie,Darrington
100887,Minnie,Blayd,15/06/2007,Male,Bronnie,Rickis,Lisetta,O'Curran
100888,Moise,Rabley,12/11/2015,Polygender,Locke,Spivie,Fanni,Legrice
100889,Norry,Ivic,31/05/2008,Male,Howie,Grouvel,Jaquelyn,Syers
100890,Carmela,Stiller,07/04/2007,Male,Kristofor,O' Neligan,Elysha,Bartczak
100891,Benoit,Hellmore,05/10/2017,Male,Kermie,Goodright,Blaire,Hudson
100892,Tamma,Trumble,20/05/2013,Agender,Wittie,Cargo,Guendolen,Cockren
100893,Julita,Thurlborn,08/01/2011,Polygender,Frederik,Strugnell,Inga,Calvey
100894,Shena,Dillet,17/04/2011,Female,Ashlin,Eustes,Penni,Ledamun
100895,Irita,Blunsum,05/08/2014,Genderfluid,Cassius,Nicol,Shane,Hiddy
100896,Venita,Broderick,03/04/2012,Genderfluid,Mord,Perutto,Inge,Allibone
100897,Barnebas,Odell,28/04/2008,Genderfluid,Nehemiah,Gulliford,Alyss,Bickerstaff
100898,Gwenni,Parnby,19/12/2010,Genderfluid,Tait,Branford,Norry,Immings
100899,Bride,Statham,04/07/2018,Genderqueer,Waylin,Kase,Joyous,Dmitrovic
100900,Gale,Rodgier,21/09/2020,Male,Gerik,Titmus,Elise,Skivington
100901,Cassandra,Basill,16/03/2007,Agender,Casar,Leyes,Jean,Bulfield
100902,Bria,Goncalo,25/04/2019,Polygender,Wood,Jovicic,Kelsy,Drewet
100903,Penny,Baile,09/09/2010,Non-binary,Rikki,McIlwreath,Glennie,Raffan
100904,Marcellus,Hubeaux,10/06/2018,Genderqueer,Radcliffe,Oldnall,Nanice,Mattimoe
100905,Mellie,Ayres,16/11/2008,Genderqueer,Bayard,Mongin,Erinn,Gronaller
100906,Naomi,Crowe,01/05/2017,Female,Zollie,Coley,Birgitta,Troppmann
100907,Hermon,Negri,27/01/2009,Bigender,Guss,Pottiphar,Josee,Heinzel
100908,Lorene,Ikringill,10/01/2017,Genderfluid,Humfrey,Cansdale,Sheila-kathryn,Jozefczak
100909,Ermin,Clemmey,23/03/2018,Genderfluid,Tomas,Bourdis,Josee,Dutt
100910,Joachim,Springer,11/03/2010,Agender,Paton,Bispham,Sapphira,Cheeld
100911,Desi,Roj,03/10/2010,Non-binary,Conan,Shildrake,Glynda,Sudell
100912,Marlie,Sommerton,03/12/2005,Agender,Culley,Tonkes,Clarette,Joscelyn
100913,Arch,Rose,28/09/2006,Polygender,Reynold,Hanscomb,Robena,Gibbe
100914,Angus,Blackhurst,26/10/2010,Genderqueer,Scotty,Yakushkev,Desirae,Ness
100915,Glynn,Pettisall,27/01/2015,Genderqueer,Skelly,Biddle,Fulvia,Adcock
100916,Emlynn,St Ange,28/03/2013,Non-binary,Ash,Cowderay,Ashlen,Simmill
100917,Tybalt,Hanshaw,10/07/2016,Female,Jethro,Kobpal,Ertha,Georger
100918,Katya,Startin,30/09/2006,Genderqueer,Martie,Baudrey,Joann,Hindes
100919,Tracey,Schulkins,05/08/2006,Agender,Jesse,Hew,Fionnula,Elby
100920,Ivar,MacMorland,07/07/2018,Genderfluid,Abbe,Rhubottom,Mirelle,Walkinshaw
100921,Alisun,Coulton,01/02/2021,Male,Isiahi,Alsina,Edeline,Wingar
100922,Antoine,Triner,08/02/2007,Non-binary,Bary,Donaho,Gusti,Gribbell
100923,Rea,Clingoe,28/07/2008,Non-binary,Sonny,Sanson,Letti,Fyfe
100924,Danika,Wittleton,11/11/2020,Bigender,Cesaro,Jendrys,Malanie,Brammall
100925,Odilia,Ridding,15/10/2020,Male,Gottfried,Hallewell,Barbee,Harniman
100926,Alexis,Martell,13/02/2014,Genderqueer,Perceval,Honeyghan,Zaneta,Bilverstone
100927,Alie,Crunkhurn,04/03/2011,Genderqueer,Reagen,Duffitt,Lotta,Deroche
100928,Robby,Breen,05/05/2007,Non-binary,Moise,Darell,Genni,Wadley
100929,Milt,Kirk,28/06/2012,Agender,Sanderson,Setchfield,Wallie,Blues
100930,Timmy,Castlake,24/01/2018,Agender,Efrem,Isoldi,Grace,Mixer
100931,Alard,Hrinchenko,15/01/2010,Polygender,Steven,Salzen,Marga,Atheis
100932,Norbie,Connell,08/04/2019,Agender,Derron,Girkins,Enriqueta,Sheriff
100933,Cynthia,Serfati,04/10/2005,Non-binary,Alf,Agates,Misty,Dwine
100934,Colet,Marcoolyn,31/10/2013,Bigender,Ezequiel,Bernt,Cherise,Dunkley
100935,Janette,Ricardot,05/10/2015,Polygender,Chet,Dunk,Joceline,Najafian
100936,Adamo,Clift,09/12/2014,Genderfluid,Nollie,Pheasey,Margie,Sandercock
100937,Thatch,Couttes,12/02/2015,Agender,Merry,Freemantle,Cathyleen,Farnes
100938,Florrie,McCoughan,21/07/2012,Male,Dionisio,Giovanni,Jacki,Twidle
100939,Donella,Baxendale,16/08/2005,Non-binary,Ambros,Keeble,Jesse,Eager
100940,Diannne,Shirland,11/10/2006,Non-binary,Norris,Smithyman,Gail,Delap
100941,Roma,Eldon,30/04/2010,Male,Duffy,Mantram,Gillian,Pitkin
100942,Denni,Baldin,02/11/2019,Genderqueer,Banky,Petrovic,Guillema,Routham
100943,Ferdinande,Dimberline,23/07/2007,Bigender,Egor,Grinyakin,Rochell,Trendle
100944,Janot,Louiset,22/09/2012,Genderfluid,Rabi,Aps,Christyna,Edser
100945,Axe,McMoyer,17/12/2014,Female,Gawain,Sends,Fay,Foxen
100946,Bernard,Hefferon,30/03/2015,Female,Don,Hegg,Bette,Collett
100947,Marla,Pietruszka,18/02/2011,Non-binary,Tybalt,Raddan,Kyle,Trenbey
100948,Case,Snoding,12/12/2017,Non-binary,Yorgos,Cammiemile,Mara,Brazur
100949,Vikki,Bowshire,24/03/2005,Genderqueer,Barty,Danielli,Kerrill,Gayne
100950,Anett,Kinglesyd,01/10/2011,Agender,Douglas,Derobert,Lenore,Maasze
100951,Harp,Raynard,19/11/2014,Polygender,Jon,Bidewel,Galina,Canny
100952,Dalila,Poluzzi,29/04/2015,Genderfluid,Raviv,Vinnicombe,Ashil,Axelbee
100953,Malissa,Jelk,12/11/2006,Agender,Taite,Guillot,Cherlyn,Redsull
100954,Rosaleen,Lages,19/03/2014,Female,Lambert,Taye,Sara,Dryden
100955,Jdavie,Mannock,06/02/2010,Genderqueer,Byron,Lydford,Alisun,Van Eeden
100956,Lark,Petworth,18/04/2008,Agender,Vladimir,Itzakson,Bert,Casterou
100957,Nicol,Heitz,12/01/2008,Genderfluid,Hewie,Weathers,Faith,Hughf
100958,Madison,Zealander,24/06/2018,Agender,Martino,Thompson,Ashla,Gebhard
100959,Henrik,Barten,01/11/2011,Bigender,Rorke,Lough,Amalia,Ragles
100960,Witty,Forker,07/06/2006,Polygender,Arnold,Malec,Shoshanna,Mollison
100961,Waiter,Sealey,05/09/2012,Agender,Welby,Dumphries,Claudetta,Buchanan
100962,Marijo,Audry,20/06/2005,Non-binary,Lyn,Cavolini,Valene,Boothby
100963,Ashleigh,Lapthorne,11/12/2020,Genderqueer,Horton,Prozescky,Damaris,Minard
100964,Corty,Ogilby,26/08/2016,Genderfluid,Calvin,Seignior,Sheena,Southcombe
100965,Richardo,Gherardelli,03/08/2011,Male,Thurstan,Romagnosi,Janaya,Perle
100966,Jordana,Plumb,31/01/2014,Female,Dorie,Winchcomb,Amargo,Nealey
100967,Nester,Strewthers,19/11/2013,Agender,Rusty,Domke,Willa,Preuvost
100968,Ammamaria,Lethebridge,17/01/2008,Non-binary,Travis,Tebald,Christabel,Zylbermann
100969,Raff,Fairlaw,25/03/2016,Bigender,Wain,Seston,Pansie,Napleton
100970,Dody,Trevains,02/05/2007,Bigender,Haleigh,Ivanyutin,Kerrill,Veque
100971,Florinda,Kayne,25/11/2009,Genderqueer,Lemar,Langlois,Sonni,Lowne
100972,Leese,Lain,27/07/2009,Polygender,Vite,Raxworthy,Daveen,Saggers
100973,Dora,Biernacki,22/04/2010,Male,Dougy,Hatchette,Pepi,Shallo
100974,Dolley,Arkwright,15/02/2012,Bigender,Hart,Mingo,Alysa,Kohnert
100975,Cherri,Hogbourne,11/06/2014,Bigender,Kennan,Biaggetti,Mona,Roddell
100976,Rad,Hackly,26/06/2011,Agender,Jeff,Henningham,Belita,Glasspool
100977,Essie,Dohrmann,05/05/2018,Agender,Cad,Jerwood,Lezlie,Danilovic
100978,Anderson,Darko,06/02/2020,Polygender,Griz,Jiroutek,Cinda,Challice
100979,Celestia,Graalman,19/02/2010,Bigender,Brade,Diggons,Lois,Bohike
100980,Rock,Oxbe,08/11/2013,Genderfluid,Zeb,Womersley,Sena,Yankov
100981,Tedi,Troy,17/08/2020,Agender,Hakim,Westcarr,Elvira,Banck
100982,Sandy,Hearnshaw,13/09/2009,Male,Joshuah,Kenryd,Pierrette,Trowsdale
100983,Lissi,Cozens,22/02/2016,Male,Kevan,Wiburn,Tatum,Cockings
100984,Denver,Bricksey,30/07/2015,Non-binary,Avram,Troughton,Phelia,Bulstrode
100985,Clifford,Chamberlain,23/09/2009,Genderqueer,Melvin,Bravington,Codee,Posvner
100986,Portie,Livoir,12/04/2012,Male,Euell,Rosenzveig,Gena,Sitwell
100987,Debor,Errington,17/10/2019,Non-binary,Nickey,Elderton,Brenn,Easter
100988,Delores,Osmant,27/06/2007,Genderqueer,Pip,Elderidge,Bab,Morrid
100989,Ford,Longmaid,04/02/2007,Male,Burnaby,Newburn,Rosmunda,Giacobbo
100990,Myrle,Mallabon,14/12/2009,Male,Lane,Spawforth,Rahal,Arnault
100991,Lucina,Wehnerr,23/05/2006,Male,Chaddie,Mahedy,Ricki,Gaytor
100992,Maximilien,Hagard,16/10/2005,Polygender,Desi,Farndon,Annetta,Ace
100993,Jaime,Linney,21/11/2014,Non-binary,Tim,Wallbrook,Betti,Edeler
100994,Flossi,Rist,22/09/2014,Agender,Gannon,Reiglar,Katalin,Burgis
100995,Derron,Bergen,14/04/2013,Polygender,Burr,Dufour,Adele,Jordine
100996,Domenico,L'argent,17/10/2020,Male,Merv,Petley,Tilly,Vaughten
100997,Goober,Hirthe,06/05/2016,Genderqueer,Saxon,Krug,Lorene,Stenning
100998,Orelie,Honig,09/08/2012,Female,Zechariah,Lyddy,Karlen,Rowaszkiewicz
100999,Keene,Sallis,09/09/2019,Bigender,Thaddus,Witherup,Donelle,Lunney
101000,Florie,Bloodworthe,19/09/2010,Female,Mallory,Iacovuzzi,Ellie,Allain
